,Rank,Name,Team,Position,Final PPG,Bye Week,ESPN ADP
0,1,Josh Allen,Buffalo Bills,QB,20.451842408257217,12,24.0
1,2,Dak Prescott,Dallas Cowboys,QB,20.341182750193838,7,60.0
2,3,Brock Purdy,San Francisco 49ers,QB,20.05636804768922,9,103.0
3,4,Jordan Love,Green Bay Packers,QB,19.914095762775112,10,76.0
4,5,Kirk Cousins,Atlanta Falcons,QB,19.905910398825934,12,154.0
5,6,Lamar Jackson,Baltimore Ravens,QB,19.81415822423247,14,35.0
6,7,C.J. Stroud,Houston Texans,QB,18.60123198891566,14,42.0
7,8,Russell Wilson,Pittsburgh Steelers,QB,18.521370597079827,9,211.0
8,9,Justin Herbert,San Diego Chargers,QB,18.324095485196352,5,135.0
9,10,Justin Fields,Pittsburgh Steelers,QB,18.093323240669967,9,225.0
10,11,Jared Goff,Detroit Lions,QB,18.05865220791297,5,148.0
11,12,Patrick Mahomes,Kansas City Chiefs,QB,17.87338950216446,6,
12,13,Kyler Murray,Arizona Cardinals,QB,17.84546284356436,11,75.0
13,14,Jalen Hurts,Philadelphia Eagles,QB,17.815511929762692,5,28.0
14,15,Christian McCaffrey,San Francisco 49ers,RB,17.642184541181457,9,1.0
15,16,Kyren Williams,St. Louis Rams,RB,17.503049719767905,6,15.0
16,17,Jahmyr Gibbs,Detroit Lions,RB,17.34484094083117,5,14.0
17,18,Bijan Robinson,Atlanta Falcons,RB,17.049537274566696,12,5.0
18,19,Tua Tagovailoa,Miami Dolphins,QB,17.00616632210251,6,137.0
19,20,Baker Mayfield,Tampa Bay Buccaneers,QB,16.74635325250071,11,181.0
20,21,Nick Chubb,Cleveland Browns,RB,16.5915191462513,10,86.0
21,22,Isiah Pacheco,Kansas City Chiefs,RB,16.445357448956308,6,17.0
22,23,Carson Wentz,Kansas City Chiefs,QB,16.44353896618276,6,
23,24,Joshua Dobbs,San Francisco 49ers,QB,16.32884122385305,9,
24,25,Joe Burrow,Cincinnati Bengals,QB,16.148169736856133,12,58.0
25,26,Matthew Stafford,St. Louis Rams,QB,16.120328911392118,6,167.0
26,27,Marcus Mariota,Washington Football Team,QB,16.085558109611757,14,
27,28,Joe Flacco,Indianapolis Colts,QB,15.999183245474017,14,
28,29,Aaron Jones,Minnesota Vikings,RB,15.921163859585889,6,51.0
29,30,Jake Browning,Cincinnati Bengals,QB,15.77946333874395,12,
30,31,Amon-Ra St. Brown,Detroit Lions,WR,15.395107842303169,5,7.0
31,32,Sam Howell,Seattle Seahawks,QB,15.377365351043906,10,
32,33,Daniel Jones,New York Giants,QB,15.360137701209965,11,250.0
33,34,Trevor Lawrence,Jacksonville Jaguars,QB,15.302087849859207,12,156.0
34,35,Justin Jefferson,Minnesota Vikings,WR,15.156914291705611,6,8.0
35,36,Rachaad White,Tampa Bay Buccaneers,RB,15.09555418201842,11,37.0
36,37,James Conner,Arizona Cardinals,RB,15.010811668101825,11,71.0
37,38,Jaylen Warren,Pittsburgh Steelers,RB,15.002018453232749,9,79.0
38,39,Derek Carr,New Orleans Saints,QB,14.959132774519375,12,
39,40,Puka Nacua,St. Louis Rams,WR,14.917705812796546,6,12.0
40,41,Tyreek Hill,Miami Dolphins,WR,14.742920582768283,6,3.0
41,42,Breece Hall,New York Jets,RB,14.73648548017313,12,4.0
42,43,Geno Smith,Seattle Seahawks,QB,14.671732097279794,10,224.0
43,44,Stefon Diggs,Houston Texans,WR,14.636946005644983,14,30.0
44,45,Jaylen Waddle,Miami Dolphins,WR,14.594323166495812,6,44.0
45,46,Keenan Allen,Chicago Bears,WR,14.257701027288062,7,69.0
46,47,Nico Collins,Houston Texans,WR,14.074356038034546,14,34.0
47,48,Derrick Henry,Baltimore Ravens,RB,14.058690138565686,14,16.0
48,49,Raheem Mostert,Miami Dolphins,RB,14.047800624128618,6,92.0
49,50,D.J. Moore,Chicago Bears,WR,13.962865249242803,7,
50,51,Tank Dell,Houston Texans,WR,13.92774627827049,14,59.0
51,52,Brandon Aiyuk,San Francisco 49ers,WR,13.877315695337334,9,40.0
52,53,Aaron Rodgers,New York Jets,QB,13.76704585184525,12,123.0
53,54,CeeDee Lamb,Dallas Cowboys,WR,13.73540756118189,7,2.0
54,55,Austin Ekeler,Washington Football Team,RB,13.670224651833308,14,93.0
55,56,Deshaun Watson,Cleveland Browns,QB,13.66662627619185,10,166.0
56,57,Joe Mixon,Houston Texans,RB,13.591408452136578,14,26.0
57,58,Tony Pollard,Tennessee Titans,RB,13.545193324478907,5,95.0
58,59,Keaton Mitchell,Baltimore Ravens,RB,13.533011289211377,14,227.0
59,60,Taylor Heinicke,Atlanta Falcons,QB,13.375044346836264,12,
60,61,Travis Etienne,Jacksonville Jaguars,RB,13.098423583618382,12,
61,62,Alvin Kamara,New Orleans Saints,RB,13.066268124356773,12,36.0
62,63,James Cook,Buffalo Bills,RB,12.93666858613664,12,29.0
63,64,A.J. Brown,Philadelphia Eagles,WR,12.807768098502551,5,9.0
64,65,David Montgomery,Detroit Lions,RB,12.73391914395282,5,61.0
65,66,Chris Olave,New Orleans Saints,WR,12.412506718083606,12,22.0
66,67,Davante Adams,Oakland Raiders,WR,12.372823361984414,10,18.0
67,68,Sam LaPorta,Detroit Lions,TE,12.211926389869529,5,23.0
68,69,Josh Jacobs,Green Bay Packers,RB,11.961180306632455,10,39.0
69,70,George Kittle,San Francisco 49ers,TE,11.732769549928795,9,54.0
70,71,George Pickens,Pittsburgh Steelers,WR,11.45299994128531,9,65.0
71,72,Deebo Samuel,San Francisco 49ers,WR,11.39108521690902,9,
72,73,Saquon Barkley,Philadelphia Eagles,RB,11.377243753082176,5,10.0
73,74,Khalil Herbert,Chicago Bears,RB,11.335944647893806,7,238.0
74,75,Zonovan Knight,Detroit Lions,RB,11.307246623615171,5,
75,76,Andy Dalton,Carolina Panthers,QB,11.267884336337488,11,
76,77,Chuba Hubbard,Carolina Panthers,RB,11.197631549334044,11,189.0
77,78,Jonathan Taylor,Indianapolis Colts,RB,11.194574721788308,14,11.0
78,79,Javonte Williams,Denver Broncos,RB,11.126425302844233,14,97.0
79,80,Jacoby Brissett,New England Patriots,QB,11.11955200305843,14,
80,81,Najee Harris,Pittsburgh Steelers,RB,11.050338391114904,9,81.0
81,82,Mike Evans,Tampa Bay Buccaneers,WR,10.96016584858826,11,31.0
82,83,Zack Moss,Cincinnati Bengals,RB,10.946158853280844,12,91.0
83,84,DeVonta Smith,Philadelphia Eagles,WR,10.933318441702315,5,49.0
84,85,Jordan Addison,Minnesota Vikings,WR,10.930059934673755,6,99.0
85,86,Jerome Ford,Cleveland Browns,RB,10.904162715245258,10,125.0
86,87,Tyjae Spears,Tennessee Titans,RB,10.826366255570816,5,101.0
87,88,Tyler Allgeier,Atlanta Falcons,RB,10.769738029622296,12,143.0
88,89,Desmond Ridder,Arizona Cardinals,QB,10.490756018173204,11,
89,90,Cooper Kupp,St. Louis Rams,WR,10.312464303692987,6,46.0
90,91,Zay Flowers,Baltimore Ravens,WR,10.25774732416184,14,52.0
91,92,Rhamondre Stevenson,New England Patriots,RB,10.170281341246296,14,53.0
92,93,Will Levis,Tennessee Titans,QB,10.11126110375029,5,206.0
93,94,Travis Kelce,Kansas City Chiefs,TE,10.06669850632653,6,19.0
94,95,Christian Kirk,Jacksonville Jaguars,WR,10.04895813072638,12,85.0
95,96,Zach Charbonnet,Seattle Seahawks,RB,9.965204258511791,10,131.0
96,97,Trey Lance,Dallas Cowboys,QB,9.926522026188156,7,
97,98,Mark Andrews,Baltimore Ravens,TE,9.898381832068685,14,41.0
98,99,Mac Jones,Jacksonville Jaguars,QB,9.86710252993326,12,
99,100,Mike Williams,New York Jets,WR,9.85842715368662,12,126.0
100,101,Noah Brown,Houston Texans,WR,9.83930111144598,14,
101,102,T.J. Hockenson,Minnesota Vikings,TE,9.827062409226448,6,104.0
102,103,Amari Cooper,Cleveland Browns,WR,9.773867086234349,10,70.0
103,104,Roschon Johnson,Chicago Bears,RB,9.656307171134074,7,
104,105,Tommy DeVito,New York Giants,QB,9.643922949704471,11,
105,106,Tee Higgins,Cincinnati Bengals,WR,9.61718537092023,12,62.0
106,107,Garrett Wilson,New York Jets,WR,9.439569391809291,12,13.0
107,108,Rashee Rice,Kansas City Chiefs,WR,9.426543679258035,6,82.0
108,109,Calvin Ridley,Tennessee Titans,WR,9.394461120289254,5,63.0
109,110,Chris Godwin,Tampa Bay Buccaneers,WR,9.313151772683051,11,73.0
110,111,Myles Gaskin,Minnesota Vikings,RB,9.307972824595357,6,
111,112,Adam Thielen,Carolina Panthers,WR,9.274843304065184,11,157.0
112,113,Ty Chandler,Minnesota Vikings,RB,9.271783613161286,6,163.0
113,114,Kendre Miller,New Orleans Saints,RB,9.183554273384932,12,153.0
114,115,Devin Singletary,New York Giants,RB,9.136107446218809,11,112.0
115,116,Jayden Reed,Green Bay Packers,WR,8.960724641293432,10,89.0
116,117,Tyler Lockett,Seattle Seahawks,WR,8.947979911108709,10,118.0
117,118,Drake London,Atlanta Falcons,WR,8.906532923461194,12,33.0
118,119,Bryce Young,Carolina Panthers,QB,8.842525734211304,11,197.0
119,120,Evan Engram,Jacksonville Jaguars,TE,8.809269066503479,12,57.0
120,121,Trey McBride,Arizona Cardinals,TE,8.762804487016457,11,50.0
121,122,Chris Rodriguez,Washington Football Team,RB,8.700407853832656,14,
122,123,Marquise Brown,Kansas City Chiefs,WR,8.680032959610061,6,98.0
123,124,Josh Palmer,San Diego Chargers,WR,8.61540202944391,5,
124,125,DeAndre Hopkins,Tennessee Titans,WR,8.603693274874704,5,83.0
125,126,Jakobi Meyers,Oakland Raiders,WR,8.593536177776874,10,142.0
126,127,Diontae Johnson,Carolina Panthers,WR,8.565686152160003,11,96.0
127,128,Christian Watson,Green Bay Packers,WR,8.459409792840455,10,100.0
128,129,Terry McLaurin,Washington Football Team,WR,8.424622787101413,14,77.0
129,130,J.K. Dobbins,San Diego Chargers,RB,8.422658525069094,5,129.0
130,131,Brandin Cooks,Dallas Cowboys,WR,8.416368349435485,7,178.0
131,132,Zach Wilson,Denver Broncos,QB,8.39225639724991,14,
132,133,Josh Downs,Indianapolis Colts,WR,8.315954603912383,14,220.0
133,134,Ezekiel Elliott,Dallas Cowboys,RB,8.140697144433167,7,102.0
134,135,Davis Mills,Houston Texans,QB,8.118071541966144,14,
135,136,Michael Wilson,Arizona Cardinals,WR,8.08522281299524,11,
136,137,Romeo Doubs,Green Bay Packers,WR,8.041572199987268,10,165.0
137,138,Elijah Moore,Cleveland Browns,WR,8.03744134661939,10,
138,139,Dalton Schultz,Houston Texans,TE,8.029631194742317,14,138.0
139,140,Alexander Mattison,Oakland Raiders,RB,7.937726070105825,10,207.0
140,141,Jimmy Garoppolo,St. Louis Rams,QB,7.901018883749673,6,
141,142,Cole Kmet,Chicago Bears,TE,7.810964988413934,7,150.0
142,143,Mitchell Trubisky,Buffalo Bills,QB,7.809325185192765,12,
143,144,Demarcus Robinson,St. Louis Rams,WR,7.737630580525858,6,
144,145,Courtland Sutton,Denver Broncos,WR,7.733641861848555,14,115.0
145,146,Jake Ferguson,Dallas Cowboys,TE,7.719599771940152,7,88.0
146,147,Jameson Williams,Detroit Lions,WR,7.710315442704764,5,121.0
147,148,Gus Edwards,San Diego Chargers,RB,7.6378739399395394,5,124.0
148,149,Jaleel McLaughlin,Denver Broncos,RB,7.629433552790823,14,179.0
149,150,Quentin Johnston,San Diego Chargers,WR,7.499204687600974,5,226.0
150,151,Xavier Hutchinson,Houston Texans,WR,7.477552816472588,14,
151,152,Tyquan Thornton,New England Patriots,WR,7.471383318501513,14,
152,153,Derius Davis,San Diego Chargers,WR,7.395354441404285,5,
153,154,Jarrett Stidham,Denver Broncos,QB,7.3713979743589055,14,
154,155,Rashid Shaheed,New Orleans Saints,WR,7.356851740134235,12,145.0
155,156,Dallas Goedert,Philadelphia Eagles,TE,7.351509908069636,5,119.0
156,157,Darius Slayton,New York Giants,WR,7.302256845352668,11,
157,158,Jaxon Smith-Njigba,Seattle Seahawks,WR,7.220100730646813,10,107.0
158,159,Nick Mullens,Minnesota Vikings,QB,7.198207279062205,6,
159,160,Greg Dulcich,Denver Broncos,TE,7.171311212455686,14,
160,161,Jerry Jeudy,Cleveland Browns,WR,7.16000126507299,10,132.0
161,162,Anthony Schwartz,Miami Dolphins,WR,7.108270010673955,6,
162,163,David Njoku,Cleveland Browns,TE,7.10015114947261,10,72.0
163,164,Dontayvion Wicks,Green Bay Packers,WR,7.099098142965717,10,212.0
164,165,Craig Reynolds,Detroit Lions,RB,7.098134171303293,5,
165,166,Dameon Pierce,Houston Texans,RB,7.066058736818863,14,
166,167,Rashaad Penny,Carolina Panthers,RB,7.065519203111294,11,
167,168,Kyle Pitts,Atlanta Falcons,TE,7.046806630268362,12,66.0
168,169,Xavier Gipson,New York Jets,WR,7.019722806461675,12,
169,170,Jonathan Mingo,Carolina Panthers,WR,6.910954337730172,11,
170,171,Zay Jones,Arizona Cardinals,WR,6.874726787310698,11,
171,172,Rondale Moore,Atlanta Falcons,WR,6.863676629687346,12,
172,173,Kendrick Bourne,New England Patriots,WR,6.795702598830789,14,
173,174,Tank Bigsby,Jacksonville Jaguars,RB,6.795251930502667,12,
174,175,Jalin Hyatt,New York Giants,WR,6.726194626643059,11,
175,176,Tucker Kraft,Green Bay Packers,TE,6.716396285713962,10,
176,177,Dalton Kincaid,Buffalo Bills,TE,6.677794521579168,12,55.0
177,178,Samaje Perine,Denver Broncos,RB,6.654893962276447,14,
178,179,Cam Akers,Minnesota Vikings,RB,6.611464460118942,6,
179,180,Tim Patrick,Denver Broncos,WR,6.607797628627143,14,
180,181,Tre Tucker,Oakland Raiders,WR,6.604695296166806,10,
181,182,Calvin Austin,Pittsburgh Steelers,WR,6.603259074984268,9,
182,183,Jakeem Grant,Cleveland Browns,WR,6.5935837162448,10,
183,184,Marvin Mims,Denver Broncos,WR,6.550131796144591,14,
184,185,Tyler Scott,Chicago Bears,WR,6.5185491211321285,7,
185,186,Jahan Dotson,Washington Football Team,WR,6.51473773618592,14,216.0
186,187,Darrynton Evans,Buffalo Bills,RB,6.509738570293749,12,
187,188,Tutu Atwell,St. Louis Rams,WR,6.503244401261017,6,
188,189,Antonio Gibson,New England Patriots,RB,6.473962423137713,14,155.0
189,190,Chase Brown,Cincinnati Bengals,RB,6.454680455220671,12,136.0
190,191,Rashod Bateman,Baltimore Ravens,WR,6.444069525494223,14,234.0
191,192,Royce Freeman,Dallas Cowboys,RB,6.412259917864264,7,
192,193,James Robinson,New Orleans Saints,RB,6.401861611233508,12,
193,194,Steven Sims,Houston Texans,WR,6.384402877115153,14,
194,195,Zamir White,Oakland Raiders,RB,6.369758567068423,10,68.0
195,196,Robert Woods,Houston Texans,WR,6.355955737253966,14,
196,197,Kenny Pickett,Philadelphia Eagles,QB,6.2354801827474295,5,
197,198,Gunner Olszewski,New York Giants,WR,6.228829008092905,11,
198,199,Treylon Burks,Tennessee Titans,WR,6.219947907189309,5,
199,200,Zach Ertz,Washington Football Team,TE,6.144340934200503,14,
200,201,Alec Pierce,Indianapolis Colts,WR,6.116879133971477,14,
201,202,Trey Palmer,Tampa Bay Buccaneers,WR,6.104475251589175,11,
202,203,Kenneth Gainwell,Philadelphia Eagles,RB,6.070062666609006,5,
203,204,Dante Pettis,Chicago Bears,WR,6.069304846905097,7,
204,205,Justin Watson,Kansas City Chiefs,WR,6.069005498988513,6,
205,206,Greg Dortch,Arizona Cardinals,WR,6.056592140899802,11,
206,207,Curtis Samuel,Buffalo Bills,WR,6.041436926175247,12,147.0
207,208,Van Jefferson,Pittsburgh Steelers,WR,5.996374583414956,9,
208,209,Cedric Tillman,Cleveland Browns,WR,5.989671121717596,10,
209,210,Demario Douglas,New England Patriots,WR,5.986199794205734,14,169.0
210,211,Justice Hill,Baltimore Ravens,RB,5.977060420636781,14,
211,212,Montrell Washington,Kansas City Chiefs,WR,5.965486537747404,6,
212,213,Derrick Gore,Washington Football Team,RB,5.960600291977074,14,
213,214,Khalil Shakir,Buffalo Bills,WR,5.948112284048961,12,168.0
214,215,Skyy Moore,Kansas City Chiefs,WR,5.934010027697604,6,
215,216,Isaiah Likely,Baltimore Ravens,TE,5.923887342444772,14,221.0
216,217,Ihmir Smith-Marsette,Carolina Panthers,WR,5.877884359990803,11,
217,218,Equanimeous St. Brown,New Orleans Saints,WR,5.858750966285771,12,
218,219,Devin Duvernay,Jacksonville Jaguars,WR,5.822575045541536,12,
219,220,Brevin Jordan,Houston Texans,TE,5.804120444721941,14,
220,221,Ray-Ray McCloud,Atlanta Falcons,WR,5.797510663712628,12,
221,222,Bailey Zappe,New England Patriots,QB,5.779984724067544,14,
222,223,Kevin Harris,New England Patriots,RB,5.765548818093012,14,
223,224,Miles Sanders,Carolina Panthers,RB,5.76490929273284,11,244.0
224,225,Michael Mayer,Oakland Raiders,TE,5.756599789361254,10,
225,226,Luke Musgrave,Green Bay Packers,TE,5.733981644757266,10,213.0
226,227,Kalif Raymond,Detroit Lions,WR,5.713584083169764,5,
227,228,Chris Moore,Arizona Cardinals,WR,5.71070599474939,11,
228,229,Harrison Bryant,Oakland Raiders,TE,5.680498660047111,10,
229,230,K.J. Osborn,New England Patriots,WR,5.595756703479236,14,
230,231,Hunter Henry,New England Patriots,TE,5.550223918393953,14,210.0
231,232,Tyler Boyd,Tennessee Titans,WR,5.504319490264935,5,236.0
232,233,Sam Ehlinger,Indianapolis Colts,QB,5.489788545408641,14,
233,234,Rico Dowdle,Dallas Cowboys,RB,5.479557795659583,7,184.0
234,235,Ronnie Bell,San Francisco 49ers,WR,5.459635763548292,9,
235,236,Jalen Reagor,New England Patriots,WR,5.436322804764991,14,
236,237,Darnell Mooney,Atlanta Falcons,WR,5.423286799518067,12,140.0
237,238,Tyler Huntley,Cleveland Browns,QB,5.40510051495638,10,
238,239,Teagan Quitoriano,Houston Texans,TE,5.401889877610615,14,
239,240,Josh Reynolds,Denver Broncos,WR,5.362990803195736,14,
240,241,Nick Westbrook-Ikhine,Tennessee Titans,WR,5.321469269014027,5,
241,242,Allen Lazard,New York Jets,WR,5.317704807169437,12,
242,243,Michael Burton,Denver Broncos,RB,5.289073875363036,14,
243,244,Clyde Edwards-Helaire,Kansas City Chiefs,RB,5.280490500550419,6,205.0
244,245,Damiere Byrd,Washington Football Team,WR,5.274313845255731,14,
245,246,Racey McMath,Dallas Cowboys,WR,5.273895959807788,7,
246,247,Daniel Bellinger,New York Giants,TE,5.230080389525959,11,
247,248,Brandon Allen,San Francisco 49ers,QB,5.208755143070613,9,
248,249,Isaiah McKenzie,New York Giants,WR,5.20354669589677,11,
249,250,Samori Toure,Green Bay Packers,WR,5.190524037444958,10,
250,251,John Metchie,Houston Texans,WR,5.177427947305741,14,
251,252,Peyton Hendershot,Dallas Cowboys,TE,5.150871638079481,7,
252,253,Elijah Mitchell,San Francisco 49ers,RB,5.1471810476756765,9,229.0
253,254,Jaret Patterson,San Diego Chargers,RB,5.146473799132659,5,
254,255,Malik Heath,Green Bay Packers,WR,5.139828536757243,10,
255,256,Travis Homer,Chicago Bears,RB,5.134318640746908,7,
256,257,David Bell,Cleveland Browns,WR,5.133626976576497,10,
257,258,Elijah Higgins,Arizona Cardinals,WR,5.129416494484959,11,
258,259,Jamaal Williams,New Orleans Saints,RB,5.129359822219168,12,
259,260,DeAndre Carter,Chicago Bears,WR,5.125168624732675,7,
260,261,Emari Demercado,Arizona Cardinals,RB,5.108775688421482,11,
261,262,A.T. Perry,New Orleans Saints,WR,5.093527416284567,12,
262,263,John Ross,Philadelphia Eagles,WR,5.090259571651579,5,
263,264,Marquez Callaway,Pittsburgh Steelers,WR,5.088093685939598,9,
264,265,Juwann Winfree,Indianapolis Colts,WR,5.07815362035667,14,
265,266,Marquez Valdes-Scantling,Buffalo Bills,WR,5.061864575926457,12,
266,267,Cole Turner,Washington Football Team,TE,5.049696035068893,14,
267,268,Jameis Winston,Cleveland Browns,QB,5.046892782052856,10,
268,269,Tyler Conklin,New York Jets,TE,5.013430883468357,12,188.0
269,270,Tyrie Cleveland,Indianapolis Colts,WR,5.009168833568317,14,
270,271,Marlon Mack,Arizona Cardinals,RB,5.002055541926842,11,
271,272,Jordan Mason,San Francisco 49ers,RB,4.963970247915325,9,
272,273,Tyron Johnson,Dallas Cowboys,WR,4.962270633682641,7,
273,274,Keaontay Ingram,Kansas City Chiefs,RB,4.939554517549896,6,
274,275,Jeremy McNichols,Washington Football Team,RB,4.920876452297828,14,
275,276,Tommy Tremble,Carolina Panthers,TE,4.92053006844973,11,
276,277,Mack Hollins,Buffalo Bills,WR,4.876407362059505,12,
277,278,Darnell Washington,Pittsburgh Steelers,TE,4.873222773983057,9,
278,279,Pat Freiermuth,Pittsburgh Steelers,TE,4.8728383137447855,9,152.0
279,280,Pierre Strong,Cleveland Browns,RB,4.843789847589784,10,
280,281,Jeremy Ruckert,New York Jets,TE,4.834708660183298,12,
281,282,Jelani Woods,Indianapolis Colts,TE,4.785698304009836,14,
282,283,Jonnu Smith,Miami Dolphins,TE,4.784481899218297,6,241.0
283,284,Ty Johnson,Buffalo Bills,RB,4.782590980749161,12,
284,285,Trey Sermon,Indianapolis Colts,RB,4.781202940236166,14,
285,286,Andrew Ogletree,Indianapolis Colts,TE,4.778172197220306,14,
286,287,Luke Schoonmaker,Dallas Cowboys,TE,4.773364803634284,7,
287,288,Tyrod Taylor,New York Jets,QB,4.772292690601446,12,
288,289,Shane Zylstra,Detroit Lions,TE,4.751377477531737,5,
289,290,Michael Gallup,Oakland Raiders,WR,4.749561949538495,10,
290,291,Andrei Iosivas,Cincinnati Bengals,WR,4.7399601808061655,12,
291,292,Kylen Granson,Indianapolis Colts,TE,4.731330909252465,14,
292,293,Ashton Dulin,Indianapolis Colts,WR,4.731330909252465,14,
293,294,Quez Watkins,Pittsburgh Steelers,WR,4.729041427682778,9,
294,295,Eric Tomlinson,Indianapolis Colts,TE,4.721266160861235,14,
295,296,Kadarius Toney,Kansas City Chiefs,WR,4.708475747295481,6,
296,297,Jalen Tolbert,Dallas Cowboys,WR,4.68926729859248,7,
297,298,Dax Milne,Washington Football Team,WR,4.686977106385296,14,
298,299,Salvon Ahmed,Miami Dolphins,RB,4.682719468522867,6,
299,300,Isaiah Spiller,San Diego Chargers,RB,4.681329244908233,5,
300,301,Connor Heyward,Pittsburgh Steelers,TE,4.680931719552043,9,
301,302,Mo Alie-Cox,Indianapolis Colts,TE,4.663520274923558,14,
302,303,Mason Rudolph,Tennessee Titans,QB,4.6547752202942165,5,
303,304,River Cracraft,Miami Dolphins,WR,4.651732140733266,6,
304,305,Chigoziem Okonkwo,Tennessee Titans,TE,4.647616255595626,5,219.0
305,306,Ben Skowronek,Houston Texans,WR,4.643530893377062,14,
306,307,Braxton Berrios,Miami Dolphins,WR,4.643177713079943,6,
307,308,Tim Jones,Jacksonville Jaguars,WR,4.642111477513661,12,
308,309,Tylan Wallace,Baltimore Ravens,WR,4.639129406059581,14,
309,310,Nelson Agholor,Baltimore Ravens,WR,4.626895089587873,14,
310,311,Gerald Everett,Chicago Bears,TE,4.62500270143476,7,
311,312,Miles Boykin,New York Giants,WR,4.620296227328942,11,
312,313,Zach Gentry,Oakland Raiders,TE,4.620296227328942,10,
313,314,Brandon Powell,Minnesota Vikings,WR,4.620145965085974,6,
314,315,Jalen Nailor,Minnesota Vikings,WR,4.62008381784234,6,
315,316,Scott Miller,Pittsburgh Steelers,WR,4.61415399103312,9,
316,317,C.J. Uzomah,Philadelphia Eagles,TE,4.599194465394709,5,
317,318,Chris Manhertz,New York Giants,TE,4.5833094157577845,11,
318,319,Charlie Kolar,Baltimore Ravens,TE,4.581383520121904,14,
319,320,Will Mallory,Indianapolis Colts,TE,4.575444227294269,14,
320,321,Dwayne Washington,Denver Broncos,RB,4.574200437599915,14,
321,322,Raheem Blackshear,Carolina Panthers,RB,4.5685717162964,11,
322,323,Jaelon Darden,Cleveland Browns,WR,4.557070055156474,10,
323,324,Juwan Johnson,New Orleans Saints,WR,4.529355007653674,12,
324,325,Durham Smythe,Miami Dolphins,TE,4.525000409594279,6,
325,326,Trent Taylor,San Francisco 49ers,WR,4.524259395293921,9,
326,327,Jauan Jennings,San Francisco 49ers,WR,4.517474302804749,9,
327,328,Deonte Harty,Baltimore Ravens,WR,4.516590158800048,14,
328,329,Jamycal Hasty,New England Patriots,RB,4.513387847237917,14,
329,330,Khari Blasingame,Chicago Bears,RB,4.513046164518387,7,
330,331,Trent Sherfield,Minnesota Vikings,WR,4.498148905808503,6,
331,332,Mitchell Wilcox,New England Patriots,TE,4.4975806319216485,14,
332,333,Quintin Morris,Buffalo Bills,TE,4.4864905235860055,12,
333,334,Malik Taylor,New York Jets,WR,4.472333565619384,12,
334,335,James Proche,Cleveland Browns,WR,4.469231549847358,10,
335,336,Eric Saubert,San Francisco 49ers,TE,4.46711784458194,9,
336,337,Freddie Swain,Chicago Bears,WR,4.4584811136688,7,
337,338,Denzel Mims,Pittsburgh Steelers,WR,4.440403019870827,9,
338,339,Chris Conley,San Francisco 49ers,WR,4.4351211561116965,9,
339,340,Trenton Irwin,Cincinnati Bengals,WR,4.428469904588376,12,
340,341,Donald Parham,San Diego Chargers,TE,4.423780951520911,5,
341,342,Cade Otton,Tampa Bay Buccaneers,TE,4.419510230836734,11,
342,343,Brandon Johnson,Denver Broncos,WR,4.417700289209113,14,
343,344,Robert Tonyan,Minnesota Vikings,TE,4.401192358749598,6,
344,345,Dyami Brown,Washington Football Team,WR,4.397401754259931,14,
345,346,Adam Trautman,Denver Broncos,TE,4.390645687277733,14,
346,347,Tyler Higbee,St. Louis Rams,TE,4.386264775359417,6,
347,348,Jordan Akins,Cleveland Browns,TE,4.378205203336247,10,
348,349,Josh Oliver,Minnesota Vikings,TE,4.373991069309833,6,
349,350,Lawrence Cager,New York Giants,WR,4.373644511342908,11,
350,351,Isaiah Hodgins,New York Giants,WR,4.373644511342908,11,
351,352,Giovanni Ricci,Cleveland Browns,TE,4.357446128969727,10,
352,353,JuJu Smith-Schuster,New England Patriots,WR,4.344276059068763,14,
353,354,Johnny Mundt,Minnesota Vikings,TE,4.34344647281192,6,
354,355,MyCole Pruitt,Pittsburgh Steelers,TE,4.34344647281192,9,
355,356,Donovan Peoples-Jones,Detroit Lions,WR,4.34058473403783,5,
356,357,Noah Gray,Kansas City Chiefs,TE,4.339914079671578,6,
357,358,Ronnie Rivers,St. Louis Rams,RB,4.3331745209790204,6,
358,359,Dawson Knox,Buffalo Bills,TE,4.316350608005192,12,240.0
359,360,Marcedes Lewis,Chicago Bears,TE,4.311913750141138,7,
360,361,Michael Bandy,Denver Broncos,WR,4.298084468192517,14,
361,362,James Mitchell,Detroit Lions,TE,4.286545199097876,5,
362,363,David Sills,Denver Broncos,WR,4.271029866261137,14,
363,364,Lucas Krull,Denver Broncos,TE,4.271029866261137,14,
364,365,Phillip Dorsett,Denver Broncos,WR,4.258090662393843,14,
365,366,Mike Gesicki,Cincinnati Bengals,TE,4.23764868873864,12,249.0
366,367,Ko Kieft,Tampa Bay Buccaneers,TE,4.22029606550104,11,
367,368,Olamide Zaccheaus,Washington Football Team,WR,4.216631150002056,14,
368,369,Jalen Guyton,Oakland Raiders,WR,4.21583343855392,10,
369,370,Zach Pascal,Arizona Cardinals,WR,4.204752696904099,11,
370,371,Ross Dwelley,Atlanta Falcons,TE,4.1880880255864845,12,
371,372,Nyheim Hines,Cleveland Browns,RB,4.186135740997777,10,
372,373,Luke Farrell,Jacksonville Jaguars,TE,4.1836091537986855,12,
373,374,Parris Campbell,Philadelphia Eagles,WR,4.1836091537986855,5,
374,375,Grant Calcaterra,Philadelphia Eagles,TE,4.1836091537986855,5,
375,376,Drew Sample,Cincinnati Bengals,TE,4.1836091537986855,12,
376,377,Albert Okwuegbunam,Philadelphia Eagles,TE,4.1836091537986855,5,
377,378,Josiah Deguara,Jacksonville Jaguars,TE,4.1836091537986855,12,
378,379,Patrick Taylor,San Francisco 49ers,RB,4.179861490929516,9,
379,380,Stone Smartt,San Diego Chargers,TE,4.174420449346285,5,
380,381,Foster Moreau,New Orleans Saints,TE,4.174420449346285,12,
381,382,Will Dissly,San Diego Chargers,TE,4.174420449346285,5,
382,383,Jeff Smith,Arizona Cardinals,WR,4.169856076394155,11,
383,384,Tanner Hudson,Cincinnati Bengals,TE,4.163349914879748,12,
384,385,Jake Bobo,Seattle Seahawks,WR,4.1622941261830455,10,
385,386,Jack Stoll,New York Giants,TE,4.161793903613966,11,
386,387,Andy Isabella,Buffalo Bills,WR,4.15772617999068,12,
387,388,Hayden Hurst,San Diego Chargers,TE,4.157252634694766,5,
388,389,Godwin Igwebuike,Pittsburgh Steelers,RB,4.155090135831566,9,
389,390,Allen Robinson,New York Giants,WR,4.150556289510242,11,
390,391,Devin Asiasi,Tennessee Titans,TE,4.148598256445337,5,
391,392,Nick Vannett,Tennessee Titans,TE,4.142824988666979,5,
392,393,Hassan Haskins,Tennessee Titans,RB,4.142157105582762,5,
393,394,Mecole Hardman,Kansas City Chiefs,WR,4.137713908776709,6,
394,395,KhaDarel Hodge,Atlanta Falcons,WR,4.130021398002257,12,
395,396,Colby Parkinson,St. Louis Rams,TE,4.125435987164641,6,
396,397,Kyle Philips,Tennessee Titans,WR,4.109652115263308,5,
397,398,John Bates,Washington Football Team,TE,4.09701532898546,14,
398,399,Parker Hesse,Detroit Lions,TE,4.095911595284246,5,
399,400,Sean McKeon,Detroit Lions,TE,4.095911595284246,5,
400,401,Josh Whyle,Tennessee Titans,TE,4.082597513331928,5,
401,402,Tommy Sweeney,Chicago Bears,TE,4.080572358064728,7,
402,403,Collin Johnson,Chicago Bears,WR,4.076866007067005,7,
403,404,J.J. Taylor,Houston Texans,RB,4.069255254939424,14,
404,405,Jamison Crowder,Washington Football Team,WR,4.054098316866508,14,
405,406,Tyler Davis,Green Bay Packers,TE,4.046545094338746,10,
406,407,Noah Fant,Seattle Seahawks,TE,4.042838743341022,10,247.0
407,408,Chase Claypool,Buffalo Bills,WR,4.042838743341022,12,
408,409,Tom Kennedy,Detroit Lions,WR,4.038165709346569,5,
409,410,Anthony Firkser,Detroit Lions,TE,4.038165709346569,5,
410,411,Brock Wright,Detroit Lions,TE,4.038165709346569,5,
411,412,Charlie Woerner,Atlanta Falcons,TE,4.018840312350323,12,
412,413,Sterling Shepard,Tampa Bay Buccaneers,WR,4.017725613723833,11,
413,414,Pharaoh Brown,Seattle Seahawks,TE,4.014866983070469,10,
414,415,Tyler Davis,St. Louis Rams,TE,4.0035010751308056,6,
415,416,Tyler Johnson,St. Louis Rams,WR,3.9997947241330816,6,
416,417,Austin Hooper,New England Patriots,TE,3.996161296087721,14,
417,418,Ian Thomas,Carolina Panthers,TE,3.9745837191696594,11,
418,419,Cam Sims,Carolina Panthers,WR,3.9745837191696594,11,
419,420,Mike Strachan,Carolina Panthers,WR,3.970877368171936,11,
420,421,Stephen Sullivan,Carolina Panthers,TE,3.970877368171936,11,
421,422,David Moore,Carolina Panthers,WR,3.916837833231982,11,
422,423,Case Keenum,Houston Texans,QB,3.805086625411618,14,
423,424,Dare Ogunbowale,Houston Texans,RB,3.7001496516588266,14,
424,425,Chase Edmonds,Tampa Bay Buccaneers,RB,3.6013715883729405,11,
425,426,Chris Evans,Cincinnati Bengals,RB,3.5671606384113743,12,
426,427,Avery Williams,Atlanta Falcons,RB,3.527132046332344,12,
427,428,Adam Prentice,New Orleans Saints,RB,3.509855502323481,12,
428,429,Drew Lock,New York Giants,QB,3.505053763967306,11,
429,430,Kene Nwangwu,Minnesota Vikings,RB,3.487312664917449,6,
430,431,Tony Jones,Arizona Cardinals,RB,3.4186050276128586,11,
431,432,C.J. Ham,Minnesota Vikings,RB,3.3910709820612057,6,
432,433,Kyle Juszczyk,San Francisco 49ers,RB,3.361339287098005,9,
433,434,Boston Scott,St. Louis Rams,RB,3.3395472989749044,6,
434,435,Jeff Driskel,Washington Football Team,QB,3.3391987910994065,14,
435,436,Jonathan Ward,Pittsburgh Steelers,RB,3.320405588384366,9,
436,437,Trayveon Williams,Cincinnati Bengals,RB,3.319309056853352,12,
437,438,Zander Horvath,New Orleans Saints,RB,3.3132762715633066,12,
438,439,Ameer Abdullah,Oakland Raiders,RB,3.2469477117270173,10,
439,440,Tim Boyle,Houston Texans,QB,3.217746444141397,14,
440,441,Michael Carter,Arizona Cardinals,RB,3.174371778456637,11,
441,442,Malik Willis,Tennessee Titans,QB,3.0160690966609662,5,
442,443,P.J. Walker,Seattle Seahawks,QB,2.937205198196993,10,
443,444,Brett Rypien,Chicago Bears,QB,2.9320905861935613,7,
444,445,Alec Ingold,Miami Dolphins,RB,2.7664313214093577,6,
445,446,C.J. Beathard,Jacksonville Jaguars,QB,2.700706828821528,12,
446,447,Mike Boone,Carolina Panthers,RB,2.6901647283345587,11,
447,448,Dorian Thompson-Robinson,Cleveland Browns,QB,2.6661998123467017,10,
448,449,Skylar Thompson,Miami Dolphins,QB,2.470063669329338,6,
449,450,Kyle Allen,Pittsburgh Steelers,QB,2.3861414681140203,9,
450,451,Mike White,Miami Dolphins,QB,2.383740644592137,6,
451,452,DeeJay Dallas,Arizona Cardinals,RB,2.3688777306885997,11,
452,453,Sam Darnold,Minnesota Vikings,QB,2.2488956275341296,6,
453,454,Blaine Gabbert,Kansas City Chiefs,QB,2.2399179537085594,6,
454,455,Taysom Hill,New Orleans Saints,QB,2.045974870566772,12,176.0
455,456,Cooper Rush,Dallas Cowboys,QB,2.0451886062791607,7,
456,457,Matt Barkley,Jacksonville Jaguars,QB,1.718266464103051,12,
457,458,Logan Woodside,Cincinnati Bengals,QB,1.0250267126664836,12,
