No.,Player,Age,Pos,G,GS,Wt,Ht,College/Univ,BirthDate,Yrs,AV,Drafted (tm/rnd/yr),Year,YearsBack,Team
38.0,Daniel Arias,26.0,WR,,,216,6-3,Colorado,9/2/1998,Rook,,,2024,1,crd
82.0,Andre Baccellia,27.0,WR,,,175,5-10,Washington,1/7/1997,2,,,2024,1,crd
22.0,Michael Carter,25.0,RB,,,201,5-8,North Carolina,5/7/1999,3,,New York Jets / 4th / 107th pick / 2021,2024,1,crd
17.0,Dan Chisena,27.0,WR,,,202,6-3,Penn St.,2/25/1997,4,,,2024,1,crd
6.0,James Conner,29.0,RB,,,233,6-1,Pittsburgh,5/5/1995,7,,Pittsburgh Steelers / 3rd / 105th pick / 2017,2024,1,crd
20.0,DeeJay Dallas,26.0,RB,,,214,5-10,Miami (FL),9/16/1998,4,,Seattle Seahawks / 4th / 144th pick / 2020,2024,1,crd
31.0,Emari Demercado,25.0,RB,,,215,5-9,"Saddleback College,TCU",1/20/1999,1,,,2024,1,crd
4.0,Greg Dortch,26.0,WR,,,175,5-7,Wake Forest,5/29/1998,5,,,2024,1,crd
18.0,Marvin Harrison Jr.,22.0,WR,,,209,,Ohio St.,8/11/2002,Rook,,Arizona Cardinals / 1st / 4th pick / 2024,2024,1,crd
84.0,Elijah Higgins,24.0,WR,,,235,,Stanford,10/27/2000,1,,Miami Dolphins / 6th / 197th pick / 2023,2024,1,crd
37.0,Tony Jones,27.0,RB,,,224,5-11,Notre Dame,11/24/1997,4,,,2024,1,crd
12.0,Zay Jones,29.0,WR,,,200,6-2,East Carolina,3/30/1995,7,,Buffalo Bills / 2nd / 37th pick / 2017,2024,1,crd
32.0,Marlon Mack,28.0,RB,,,210,5-11,South Florida,3/7/1996,7,,Indianapolis Colts / 4th / 143rd pick / 2017,2024,1,crd
85.0,Trey McBride,25.0,TE,,,246,6-4,Colorado St.,11/22/1999,2,,Arizona Cardinals / 2nd / 55th pick / 2022,2024,1,crd
10.0,Chris Moore,31.0,WR,,,200,6-1,Cincinnati,6/16/1993,8,,Baltimore Ravens / 4th / 107th pick / 2016,2024,1,crd
1.0,Kyler Murray,27.0,QB,,,207,5-10,"Texas A&M,Oklahoma",8/7/1997,5,,Arizona Cardinals / 1st / 1st pick / 2019,2024,1,crd
83.0,Tejhaun Palmer,24.0,WR,,,210,6-2,"Snow College (UT),Ala-Birmingham",5/19/2000,Rook,,Arizona Cardinals / 6th / 191st pick / 2024,2024,1,crd
,Zach Pascal,30.0,WR,,,215,6-2,Old Dominion,12/18/1994,6,,,2024,1,crd
87.0,Tip Reiman,23.0,TE,,,271,,Illinois,9/17/2001,Rook,,Arizona Cardinals / 3rd / 82nd pick / 2024,2024,1,crd
19.0,Desmond Ridder,25.0,QB,,,207,6-3,Cincinnati,8/31/1999,2,,Atlanta Falcons / 3rd / 74th pick / 2022,2024,1,crd
80.0,Bernhard Seikovits,27.0,TE,,,262,6-5,,7/24/1997,Rook,,,2024,1,crd
86.0,Jeff Smith,27.0,WR,,,195,6-1,Boston Col.,4/21/1997,5,,,2024,1,crd
,Taulia Tagovailoa,24.0,QB,,,208,,"Alabama,Maryland",2/15/2000,Rook,,,2024,1,crd
15.0,Clayton Tune,25.0,QB,,,220,,Houston,3/23/1999,1,,Arizona Cardinals / 5th / 139th pick / 2023,2024,1,crd
81.0,Travis Vokolek,26.0,TE,,,260,6-6,"Rutgers,Nebraska",6/4/1998,1,,,2024,1,crd
30.0,Xavier Weaver,24.0,WR,,,180,,"South Florida,Colorado",10/12/2000,Rook,,,2024,1,crd
89.0,Blake Whiteheart,24.0,TE,,,247,,Wake Forest,3/22/2000,1,,,2024,1,crd
14.0,Michael Wilson,24.0,WR,,,213,,Stanford,2/23/2000,1,,Arizona Cardinals / 3rd / 94th pick / 2023,2024,1,crd
80.0,Josh Ali,25.0,WR,,,193,6-0,Kentucky,3/3/1999,2,,,2024,1,atl
25.0,Tyler Allgeier,24.0,RB,,,220,5-11,BYU,4/15/2000,2,,Atlanta Falcons / 5th / 151st pick / 2022,2024,1,atl
84.0,Daylen Baldwin,25.0,WR,,,212,6-2,"Morgan St.,Jackson St.,Michigan",11/24/1999,2,,,2024,1,atl
,Cole Beck,29.0,WR,,,195,6-1,Virginia Tech,3/15/1995,Rook,,,2024,1,atl
19.0,Chris Blair,27.0,WR,,,198,6-2,"Hinds CC,Alcorn St.",10/6/1997,1,,,2024,1,atl
39.0,Robert Burns,26.0,RB,,,222,5-11,UConn,9/25/1998,Rook,,,2024,1,atl
18.0,Kirk Cousins,36.0,QB,,,205,6-3,Michigan St.,8/19/1988,12,,Washington Redskins / 4th / 102nd pick / 2012,2024,1,atl
15.0,Dylan Drummond,24.0,WR,,,186,6-0,Eastern Michigan,1/17/2000,1,,,2024,1,atl
85.0,Ross Dwelley,29.0,TE,,,235,6-5,San Diego,1/26/1995,6,,,2024,1,atl
87.0,John FitzPatrick,24.0,TE,,,250,6-7,Georgia,3/9/2000,1,,Atlanta Falcons / 6th / 213th pick / 2022,2024,1,atl
47.0,Feleipe Franks,27.0,QB,,,234,6-6,"Florida,Arkansas",12/22/1997,3,,,2024,1,atl
4.0,Taylor Heinicke,31.0,QB,,,210,6-1,Old Dominion,3/15/1993,7,,,2024,1,atl
11.0,OJ Hiliare,,WR,,,185,6-0,Bowling Green,,Rook,,,2024,1,atl
12.0,KhaDarel Hodge,29.0,WR,,,183,5-11,"Alcorn St.,Hinds CC,Prairie View A&M",1/3/1995,6,,,2024,1,atl
5.0,Drake London,23.0,WR,,,213,6-4,USC,7/24/2001,2,,Atlanta Falcons / 1st / 8th pick / 2022,2024,1,atl
81.0,Austin Mack,27.0,WR,,,215,6-2,Ohio St.,8/31/1997,4,,,2024,1,atl
30.0,Jase McClellan,22.0,RB,,,221,,Alabama,6/25/2002,Rook,,Atlanta Falcons / 6th / 186th pick / 2024,2024,1,atl
34.0,Ray-Ray McCloud,28.0,WR,,,190,5-9,Clemson,10/15/1996,6,,Buffalo Bills / 6th / 187th pick / 2018,2024,1,atl
1.0,Darnell Mooney,27.0,WR,,,173,5-11,Tulane,10/29/1997,4,,Chicago Bears / 5th / 173rd pick / 2020,2024,1,atl
14.0,Rondale Moore,24.0,WR,,,180,5-7,Purdue,6/9/2000,3,,Arizona Cardinals / 2nd / 49th pick / 2021,2024,1,atl
16.0,John Paddock,24.0,QB,,,190,6-0,Illinois,3/27/2000,Rook,,,2024,1,atl
9.0,Michael Penix,24.0,QB,,,213,,"Indiana,Washington",5/8/2000,Rook,,Atlanta Falcons / 1st / 8th pick / 2024,2024,1,atl
8.0,Kyle Pitts,24.0,TE,,,246,6-6,Florida,10/6/2000,3,,Atlanta Falcons / 1st / 4th pick / 2021,2024,1,atl
7.0,Bijan Robinson,22.0,RB,,,215,5-11,Texas,1/30/2002,1,,Atlanta Falcons / 1st / 8th pick / 2023,2024,1,atl
88.0,Austin Stogner,24.0,TE,,,255,,"South Carolina,Oklahoma",1/12/2000,Rook,,,2024,1,atl
28.0,Carlos Washington,26.0,RB,,,220,5-11,Southeastern Louisiana,12/26/1998,Rook,,,2024,1,atl
82.0,Casey Washington,23.0,WR,,,200,6-2,Illinois,3/6/2001,Rook,,Atlanta Falcons / 6th / 187th pick / 2024,2024,1,atl
26.0,Avery Williams,26.0,RB,,,195,5-9,Boise St.,7/15/1998,3,,Atlanta Falcons / 5th / 183rd pick / 2021,2024,1,atl
89.0,Charlie Woerner,27.0,TE,,,241,6-5,Georgia,10/16/1997,4,,San Francisco 49ers / 6th / 190th pick / 2020,2024,1,atl
83.0,Isaiah Wooden,24.0,WR,,,170,5-9,Southern Utah,2/3/2000,Rook,,,2024,1,atl
15.0,Nelson Agholor,31.0,WR,,,200,6-0,USC,5/24/1993,9,,Philadelphia Eagles / 1st / 20th pick / 2015,2024,1,rav
26.0,Rasheen Ali,23.0,RB,,,206,,Marshall,2/16/2001,Rook,,Baltimore Ravens / 5th / 165th pick / 2024,2024,1,rav
89.0,Mark Andrews,29.0,TE,,,247,6-5,Oklahoma,9/6/1995,6,,Baltimore Ravens / 3rd / 86th pick / 2018,2024,1,rav
7.0,Rashod Bateman,25.0,WR,,,197,6-1,Minnesota,11/29/1999,3,,Baltimore Ravens / 1st / 27th pick / 2021,2024,1,rav
38.0,Chris Collier,24.0,RB,,,203,5-11,Lock Haven,3/24/2000,Rook,,,2024,1,rav
12.0,Malik Cunningham,26.0,QB,,,198,,Louisville,10/6/1998,1,,,2024,1,rav
4.0,Zay Flowers,24.0,WR,,,182,5-9,Boston Col.,9/11/2000,1,,Baltimore Ravens / 1st / 22nd pick / 2023,2024,1,rav
3.0,Deonte Harty,27.0,WR,,,170,5-6,Assumption,12/4/1997,5,,,2024,1,rav
22.0,Derrick Henry,30.0,RB,,,247,6-3,Alabama,1/4/1994,8,,Tennessee Titans / 2nd / 45th pick / 2016,2024,1,rav
43.0,Justice Hill,27.0,RB,,,197,5-10,Oklahoma St.,11/14/1997,5,,Baltimore Ravens / 4th / 113th pick / 2019,2024,1,rav
83.0,Qadir Ismail,27.0,WR,,,215,6-6,Samford,2/17/1997,Rook,,,2024,1,rav
8.0,Lamar Jackson,27.0,QB,,,215,6-2,Louisville,1/7/1997,6,,Baltimore Ravens / 1st / 32nd pick / 2018,2024,1,rav
17.0,Josh Johnson,38.0,QB,,,214,6-3,San Diego,5/15/1986,15,,Tampa Bay Buccaneers / 5th / 160th pick / 2008,2024,1,rav
10.0,Emory Jones,24.0,QB,,,210,6-2,Cincinnati,4/29/2000,Rook,,,2024,1,rav
88.0,Charlie Kolar,25.0,TE,,,257,6-6,Iowa St.,2/10/1999,2,,Baltimore Ravens / 4th / 128th pick / 2022,2024,1,rav
13.0,Devin Leary,25.0,QB,,,217,,"North Carolina St.,Kentucky",9/10/1999,Rook,,Baltimore Ravens / 6th / 218th pick / 2024,2024,1,rav
80.0,Isaiah Likely,24.0,TE,,,241,6-4,Coastal Carolina,4/18/2000,2,,Baltimore Ravens / 4th / 139th pick / 2022,2024,1,rav
34.0,Keaton Mitchell,22.0,RB,,,191,5-8,East Carolina,1/17/2002,1,,,2024,1,rav
35.0,Mike Rigerman,23.0,TE,,,244,6-2,Findlay,6/29/2001,Rook,,,2024,1,rav
6.0,Tayvion Robinson,24.0,WR,,,194,,"Virginia Tech,Kentucky",10/1/2000,Rook,,,2024,1,rav
82.0,Sean Ryan,25.0,WR,,,200,6-3,Rutgers,1/21/1999,Rook,,,2024,1,rav
84.0,Riley Sharp,27.0,TE,,,237,6-5,Oregon State,11/7/1997,Rook,,,2024,1,rav
18.0,Dayton Wade,24.0,WR,,,175,,"Western Kentucky,Mississippi",9/8/2000,Rook,,,2024,1,rav
81.0,Devontez Walker,23.0,WR,,,193,,"North Carolina Central,Kent St.,North Carolina",6/19/2001,Rook,,Baltimore Ravens / 4th / 113th pick / 2024,2024,1,rav
16.0,Tylan Wallace,25.0,WR,,,198,5-11,Oklahoma St.,5/13/1999,3,,Baltimore Ravens / 4th / 131st pick / 2021,2024,1,rav
86.0,Isaiah Washington,23.0,WR,,,206,6-2,Rutgers,5/4/2001,Rook,,,2024,1,rav
85.0,Scotty Washington,27.0,WR,,,225,6-5,Wake Forest,7/26/1997,2,,,2024,1,rav
36.0,Owen Wright,25.0,RB,,,217,5-9,"William & Mary,Monmouth",2/28/1999,1,,,2024,1,rav
17.0,Josh Allen,28.0,QB,,,237,6-5,"Reedley,Wyoming",5/21/1996,6,,Buffalo Bills / 1st / 7th pick / 2018,2024,1,buf
6.0,Shane Buechele,26.0,QB,,,210,6-0,"Texas,SMU",1/8/1998,Rook,,,2024,1,buf
14.0,Chase Claypool,26.0,WR,,,238,6-4,Notre Dame,7/7/1998,4,,Pittsburgh Steelers / 2nd / 49th pick / 2020,2024,1,buf
,Keon Coleman,21.0,WR,,,213,,"Michigan St.,Florida St.",5/17/2003,Rook,,Buffalo Bills / 2nd / 33rd pick / 2024,2024,1,buf
4.0,James Cook,25.0,RB,,,190,5-11,Georgia,9/25/1999,2,,Buffalo Bills / 2nd / 63rd pick / 2022,2024,1,buf
84.0,Zach Davidson,26.0,TE,,,245,6-7,Central Missouri St.,7/15/1998,Rook,,Minnesota Vikings / 5th / 168th pick / 2021,2024,1,buf
22.0,Ray Davis,25.0,RB,,,211,,"Temple,Vanderbilt,Kentucky",11/11/1999,Rook,,Buffalo Bills / 4th / 128th pick / 2024,2024,1,buf
37.0,Darrynton Evans,26.0,RB,,,203,5-10,Appalachian St.,7/9/1998,4,,Tennessee Titans / 3rd / 93rd pick / 2020,2024,1,buf
,Mason Fairchild,23.0,TE,,,261,,Kansas,8/30/2001,Rook,,,2024,1,buf
41.0,Reggie Gilliam,27.0,TE,,,244,6-0,Toledo,8/20/1997,4,,,2024,1,buf
20.0,Frank Gore,22.0,RB,,,201,,Southern Miss,3/13/2002,Rook,,,2024,1,buf
19.0,KJ Hamler,25.0,WR,,,178,5-9,Penn St.,7/8/1999,4,,Denver Broncos / 2nd / 46th pick / 2020,2024,1,buf
13.0,Mack Hollins,31.0,WR,,,221,6-4,North Carolina,9/16/1993,7,,Philadelphia Eagles / 4th / 118th pick / 2017,2024,1,buf
87.0,Andy Isabella,28.0,WR,,,188,5-9,Massachusetts,11/18/1996,5,,Arizona Cardinals / 2nd / 62nd pick / 2019,2024,1,buf
26.0,Ty Johnson,27.0,RB,,,210,5-10,Maryland,9/17/1997,5,,Detroit Lions / 6th / 186th pick / 2019,2024,1,buf
16.0,Xavier Johnson,25.0,WR,,,210,6-1,Ohio State,5/11/1999,Rook,,,2024,1,buf
82.0,Lawrence Keys,25.0,WR,,,170,5-11,Tulane,12/9/1999,Rook,,,2024,1,buf
86.0,Dalton Kincaid,25.0,TE,,,240,,"San Diego,Utah",10/18/1999,1,,Buffalo Bills / 1st / 25th pick / 2023,2024,1,buf
88.0,Dawson Knox,28.0,TE,,,254,6-4,Mississippi,11/14/1996,5,,Buffalo Bills / 3rd / 96th pick / 2019,2024,1,buf
83.0,Tre\' McKitty,25.0,TE,,,246,6-4,"Florida St.,Georgia",1/12/1999,3,,Los Angeles Chargers / 3rd / 97th pick / 2021,2024,1,buf
85.0,Quintin Morris,25.0,TE,,,252,6-2,Bowling Green,1/21/1999,2,,,2024,1,buf
1.0,Curtis Samuel,28.0,WR,,,195,5-11,Ohio St.,8/11/1996,7,,Carolina Panthers / 2nd / 40th pick / 2017,2024,1,buf
10.0,Khalil Shakir,24.0,WR,,,190,6-0,Boise St.,2/3/2000,2,,Buffalo Bills / 5th / 148th pick / 2022,2024,1,buf
80.0,Tyrell Shavers,25.0,WR,,,211,6-4,San Diego State,8/18/1999,Rook,,,2024,1,buf
18.0,Justin Shorter,24.0,WR,,,223,,"Penn St.,Florida",4/17/2000,Rook,,Buffalo Bills / 5th / 150th pick / 2023,2024,1,buf
89.0,Bryan Thompson,25.0,WR,,,195,6-1,Arizona State,4/7/1999,Rook,,,2024,1,buf
11.0,Mitchell Trubisky,30.0,QB,,,220,6-2,North Carolina,8/20/1994,7,,Chicago Bears / 1st / 2nd pick / 2017,2024,1,buf
81.0,Marquez Valdes-Scantling,30.0,WR,,,206,6-4,"North Carolina St.,South Florida",10/10/1994,6,,Green Bay Packers / 5th / 174th pick / 2018,2024,1,buf
,Gunnar Watson,24.0,QB,,,210,6-3,Troy,1/11/2000,Rook,,,2024,1,buf
3.0,Raheem Blackshear,25.0,RB,,,190,5-9,"Rutgers,Virginia Tech",6/5/1999,2,,,2024,1,car
34.0,Mike Boone,29.0,RB,,,206,5-10,Cincinnati,6/30/1995,6,,,2024,1,car
24.0,Jonathon Brooks,21.0,RB,,,216,,Texas,7/21/2003,Rook,,Carolina Panthers / 2nd / 46th pick / 2024,2024,1,car
,Devin Carter,,WR,,,214,6-3,West Virginia,,Rook,,,2024,1,car
18.0,Jalen Coker,23.0,WR,,,213,,Holy Cross,10/30/2001,Rook,,,2024,1,car
14.0,Andy Dalton,37.0,QB,,,220,6-2,TCU,10/29/1987,13,,Cincinnati Bengals / 2nd / 35th pick / 2011,2024,1,car
,Daewood Davis,,WR,,,195,,"Oregon,Western Kentucky",,Rook,,,2024,1,car
30.0,Chuba Hubbard,25.0,RB,,,210,6-1,Oklahoma St.,6/11/1999,3,,Carolina Panthers / 4th / 126th pick / 2021,2024,1,car
5.0,Diontae Johnson,28.0,WR,,,183,5-10,Toledo,7/5/1996,5,,Pittsburgh Steelers / 3rd / 66th pick / 2019,2024,1,car
17.0,Xavier Legette,23.0,WR,,,221,,South Carolina,1/29/2001,Rook,,Carolina Panthers / 1st / 32nd pick / 2024,2024,1,car
88.0,Terrace Marshall Jr.,24.0,WR,,,200,6-2,LSU,6/9/2000,3,,Carolina Panthers / 2nd / 59th pick / 2021,2024,1,car
81.0,Jordan Matthews,32.0,WR,,,215,6-3,Vanderbilt,7/16/1992,10,,Philadelphia Eagles / 2nd / 42nd pick / 2014,2024,1,car
15.0,Jonathan Mingo,23.0,WR,,,220,,Mississippi,4/20/2001,1,,Carolina Panthers / 2nd / 39th pick / 2023,2024,1,car
83.0,David Moore,29.0,WR,,,219,6-0,East Central (OK),1/15/1995,7,,Seattle Seahawks / 7th / 226th pick / 2017,2024,1,car
28.0,Rashaad Penny,28.0,RB,,,220,5-11,San Diego St.,2/2/1996,6,,Seattle Seahawks / 1st / 27th pick / 2018,2024,1,car
12.0,Sam Pinckney,25.0,WR,,,220,6-4,Coastal Carolina,10/25/1999,Rook,,,2024,1,car
16.0,Jack Plummer,25.0,QB,,,215,6-5,Louisville,10/21/1999,Rook,,,2024,1,car
85.0,Ja\'Tavion Sanders,21.0,TE,,,245,,Texas,3/27/2003,Rook,,Carolina Panthers / 4th / 101st pick / 2024,2024,1,car
6.0,Miles Sanders,27.0,RB,,,210,5-11,Penn St.,5/1/1997,5,,Philadelphia Eagles / 2nd / 53rd pick / 2019,2024,1,car
37.0,Jaden Shirden,22.0,RB,,,187,,Monmouth,5/2/2002,Rook,,,2024,1,car
87.0,Cam Sims,28.0,WR,,,214,6-5,Alabama,1/6/1996,6,,,2024,1,car
11.0,Ihmir Smith-Marsette,25.0,WR,,,185,6-1,Iowa,8/29/1999,3,,Minnesota Vikings / 5th / 157th pick / 2021,2024,1,car
86.0,Mike Strachan,27.0,WR,,,225,6-5,Charleston (WV),8/13/1997,3,,Indianapolis Colts / 7th / 229th pick / 2021,2024,1,car
84.0,Stephen Sullivan,28.0,TE,,,245,6-5,LSU,11/28/1996,4,,Seattle Seahawks / 7th / 251st pick / 2020,2024,1,car
19.0,Adam Thielen,34.0,WR,,,195,6-2,Minnesota St.,8/22/1990,10,,,2024,1,car
80.0,Ian Thomas,28.0,TE,,,260,6-4,Indiana,6/6/1996,6,,Carolina Panthers / 4th / 101st pick / 2018,2024,1,car
82.0,Tommy Tremble,24.0,TE,,,250,6-4,Notre Dame,6/2/2000,3,,Carolina Panthers / 3rd / 83rd pick / 2021,2024,1,car
83.0,Derek Wright,26.0,WR,,,195,6-1,Utah State,8/13/1998,Rook,,,2024,1,car
9.0,Bryce Young,23.0,QB,,,204,,Alabama,7/25/2001,1,,Carolina Panthers / 1st / 1st pick / 2023,2024,1,car
13.0,Keenan Allen,32.0,WR,,,211,6-2,California,4/27/1992,11,,San Diego Chargers / 3rd / 76th pick / 2013,2024,1,chi
17.0,Tyson Bagent,24.0,QB,,,213,6-3,Shepherd,6/8/2000,1,,,2024,1,chi
87.0,Brenden Bates,25.0,TE,,,255,6-5,Kentucky,10/17/1999,Rook,,,2024,1,chi
35.0,Khari Blasingame,28.0,RB,,,233,6-0,Vanderbilt,7/1/1996,5,,,2024,1,chi
88.0,Stephen Carlson,28.0,TE,,,240,6-4,Princeton,12/12/1996,5,,,2024,1,chi
,DeAndre Carter,31.0,WR,,,190,5-8,Sacramento St.,4/10/1993,6,,,2024,1,chi
14.0,Gerald Everett,30.0,TE,,,250,6-3,South Alabama,6/25/1994,7,,Los Angeles Rams / 2nd / 44th pick / 2017,2024,1,chi
24.0,Khalil Herbert,26.0,RB,,,212,5-9,"Kansas,Virginia Tech",4/21/1998,3,,Chicago Bears / 6th / 217th pick / 2021,2024,1,chi
20.0,Travis Homer,26.0,RB,,,202,5-10,Miami (FL),8/7/1998,5,,Seattle Seahawks / 6th / 204th pick / 2019,2024,1,chi
26.0,John Jackson,25.0,WR,,,215,6-1,USC,8/23/1999,Rook,,,2024,1,chi
80.0,Collin Johnson,27.0,WR,,,222,6-6,Texas,9/23/1997,4,,Jacksonville Jaguars / 5th / 165th pick / 2020,2024,1,chi
23.0,Roschon Johnson,23.0,RB,,,225,,Texas,1/31/2001,1,,Chicago Bears / 4th / 115th pick / 2023,2024,1,chi
12.0,Velus Jones Jr.,27.0,WR,,,200,6-0,"USC,Tennessee",5/11/1997,2,,Chicago Bears / 3rd / 71st pick / 2022,2024,1,chi
85.0,Cole Kmet,25.0,TE,,,260,6-6,Notre Dame,3/10/1999,4,,Chicago Bears / 2nd / 43rd pick / 2020,2024,1,chi
82.0,Peter LeBlanc,23.0,WR,,,189,6-2,Louisiana,4/12/2001,Rook,,,2024,1,chi
84.0,Marcedes Lewis,40.0,TE,,,265,6-6,UCLA,5/19/1984,18,,Jacksonville Jaguars / 1st / 28th pick / 2006,2024,1,chi
,RJ Mobley,,WR,,,210,6-3,Winston-Salem State,,Rook,,,2024,1,chi
2.0,D.J. Moore,27.0,WR,,,210,5-11,Maryland,4/14/1997,6,,Carolina Panthers / 1st / 24th pick / 2018,2024,1,chi
81.0,Dante Pettis,29.0,WR,,,195,6-1,Washington,10/23/1995,6,,San Francisco 49ers / 2nd / 44th pick / 2018,2024,1,chi
16.0,Austin Reed,,QB,,,220,,"Southern Illinois,West Florida,Western Kentucky",,Rook,,,2024,1,chi
11.0,Brett Rypien,28.0,QB,,,202,6-2,Boise St.,7/9/1996,4,,,2024,1,chi
10.0,Tyler Scott,23.0,WR,,,185,,Cincinnati,10/12/2001,1,,Chicago Bears / 4th / 133rd pick / 2023,2024,1,chi
86.0,Freddie Swain,26.0,WR,,,199,6-0,Florida,8/4/1998,4,,Seattle Seahawks / 6th / 214th pick / 2020,2024,1,chi
47.0,Tommy Sweeney,29.0,TE,,,255,6-5,Boston Col.,7/1/1995,5,,Buffalo Bills / 7th / 228th pick / 2019,2024,1,chi
4.0,D\'Andre Swift,25.0,RB,,,215,5-9,Georgia,1/14/1999,4,,Detroit Lions / 2nd / 35th pick / 2020,2024,1,chi
83.0,Nsimba Webster,28.0,WR,,,180,5-10,Eastern Washington,1/27/1996,5,,,2024,1,chi
33.0,Ian Wheeler,23.0,RB,,,205,5-11,Howard,9/15/2001,Rook,,,2024,1,chi
83.0,Erick All,24.0,TE,,,252,,"Michigan,Iowa",9/13/2000,Rook,,Cincinnati Bengals / 4th / 115th pick / 2024,2024,1,cin
30.0,Chase Brown,24.0,RB,,,215,,"Western Michigan,Illinois",3/21/2000,1,,Cincinnati Bengals / 5th / 163rd pick / 2023,2024,1,cin
6.0,Jake Browning,28.0,QB,,,209,6-2,Washington,4/11/1996,1,,,2024,1,cin
17.0,Cole Burgess,24.0,WR,,,192,6-1,SUNY-Cortland,2/11/2000,Rook,,,2024,1,cin
9.0,Joe Burrow,28.0,QB,,,215,6-4,"Ohio St.,LSU",12/10/1996,4,,Cincinnati Bengals / 1st / 1st pick / 2020,2024,1,cin
81.0,Jermaine Burton,23.0,WR,,,196,,"Georgia,Alabama",6/28/2001,Rook,,Cincinnati Bengals / 3rd / 80th pick / 2024,2024,1,cin
36.0,Noah Cain,24.0,RB,,,222,5-10,LSU,12/17/2000,Rook,,,2024,1,cin
1.0,Ja\'Marr Chase,24.0,WR,,,201,6-0,LSU,3/1/2000,3,,Cincinnati Bengals / 1st / 5th pick / 2021,2024,1,cin
34.0,Elijah Collins,24.0,RB,,,220,6-0,Oklahoma State,8/1/2000,Rook,,,2024,1,cin
25.0,Chris Evans,27.0,RB,,,215,5-11,Michigan,10/5/1997,3,,Cincinnati Bengals / 6th / 202nd pick / 2021,2024,1,cin
88.0,Mike Gesicki,29.0,TE,,,245,6-6,Penn St.,10/3/1995,6,,Miami Dolphins / 2nd / 42nd pick / 2018,2024,1,cin
85.0,Cam Grandy,24.0,TE,,,253,6-5,Illinois State,11/19/2000,Rook,,,2024,1,cin
5.0,Tee Higgins,25.0,WR,,,219,6-4,Clemson,1/18/1999,4,,Cincinnati Bengals / 2nd / 33rd pick / 2020,2024,1,cin
87.0,Tanner Hudson,30.0,TE,,,239,6-5,Southern Arkansas,11/12/1994,5,,,2024,1,cin
80.0,Andrei Iosivas,25.0,WR,,,212,,Princeton,10/15/1999,1,,Cincinnati Bengals / 6th / 206th pick / 2023,2024,1,cin
16.0,Trenton Irwin,29.0,WR,,,200,6-2,Stanford,12/10/1995,5,,,2024,1,cin
12.0,Shedrick Jackson,25.0,WR,,,195,6-1,Auburn,10/20/1999,1,,,2024,1,cin
15.0,Charlie Jones,26.0,WR,,,188,,"Buffalo,Iowa,Purdue",10/29/1998,1,,Cincinnati Bengals / 4th / 131st pick / 2023,2024,1,cin
18.0,Kwamie Lassiter II,26.0,WR,,,185,5-11,Kansas,1/21/1998,2,,,2024,1,cin
4.0,Rocky Lombardi,26.0,QB,,,225,6-4,Northern Illinois,7/30/1998,Rook,,,2024,1,cin
84.0,Tanner McLachlan,25.0,TE,,,244,,"Southern Utah,Arizona",3/15/1999,Rook,,Cincinnati Bengals / 6th / 194th pick / 2024,2024,1,cin
86.0,Tre Mosley,23.0,WR,,,196,6-1,Michigan State,9/25/2001,Rook,,,2024,1,cin
31.0,Zack Moss,27.0,RB,,,205,5-9,Utah,12/15/1997,4,,Buffalo Bills / 3rd / 86th pick / 2020,2024,1,cin
19.0,Kendric Pryor,26.0,WR,,,189,5-11,Wisconsin,1/6/1998,Rook,,,2024,1,cin
89.0,Drew Sample,28.0,TE,,,255,6-5,Washington,4/16/1996,5,,Cincinnati Bengals / 2nd / 52nd pick / 2019,2024,1,cin
32.0,Trayveon Williams,27.0,RB,,,206,5-8,Texas A&M,10/18/1997,5,,Cincinnati Bengals / 6th / 182nd pick / 2019,2024,1,cin
11.0,Logan Woodside,29.0,QB,,,201,6-2,Toledo,1/27/1995,4,,Cincinnati Bengals / 7th / 249th pick / 2018,2024,1,cin
88.0,Jordan Akins,32.0,TE,,,245,6-4,Central Florida,4/19/1992,6,,Houston Texans / 3rd / 98th pick / 2018,2024,1,cle
18.0,David Bell,24.0,WR,,,212,6-1,Purdue,12/14/2000,2,,Cleveland Browns / 3rd / 99th pick / 2022,2024,1,cle
87.0,Ahmarean Brown,24.0,WR,,,170,5-8,South Carolina,12/19/2000,Rook,,,2024,1,cle
84.0,Jalen Camp,26.0,WR,,,220,6-2,Georgia Tech,7/10/1998,3,,Jacksonville Jaguars / 6th / 209th pick / 2021,2024,1,cle
24.0,Nick Chubb,29.0,RB,,,227,5-11,Georgia,12/27/1995,6,,Cleveland Browns / 2nd / 35th pick / 2018,2024,1,cle
2.0,Amari Cooper,30.0,WR,,,211,6-1,Alabama,6/17/1994,9,,Oakland Raiders / 1st / 4th pick / 2015,2024,1,cle
16.0,Jaelon Darden,25.0,WR,,,175,5-8,North Texas,1/14/1999,3,,Tampa Bay Buccaneers / 4th / 129th pick / 2021,2024,1,cle
34.0,Jerome Ford,25.0,RB,,,210,5-10,"Alabama,Cincinnati",9/12/1999,2,,Cleveland Browns / 5th / 156th pick / 2022,2024,1,cle
27.0,D\'Onta Foreman,28.0,RB,,,235,6-0,Texas,4/24/1996,7,,Houston Texans / 3rd / 89th pick / 2017,2024,1,cle
9.0,Jakeem Grant,32.0,WR,,,170,5-6,Texas Tech,10/30/1992,8,,Miami Dolphins / 6th / 186th pick / 2016,2024,1,cle
22.0,Nyheim Hines,28.0,RB,,,196,5-9,North Carolina St.,11/12/1996,6,,Indianapolis Colts / 4th / 104th pick / 2018,2024,1,cle
10.0,Tyler Huntley,26.0,QB,,,204,6-1,Utah,2/3/1998,4,,,2024,1,cle
3.0,Jerry Jeudy,25.0,WR,,,193,6-1,Alabama,4/24/1999,4,,Denver Broncos / 1st / 15th pick / 2020,2024,1,cle
41.0,John Kelly,28.0,RB,,,205,5-10,Tennessee,10/4/1996,6,,Los Angeles Rams / 6th / 176th pick / 2018,2024,1,cle
89.0,Matt Landers,25.0,WR,,,200,6-4,Arkansas,6/16/1999,Rook,,,2024,1,cle
83.0,Zaire Mitchell-Paden,25.0,TE,,,257,6-5,Florida Atlantic,8/20/1999,Rook,,,2024,1,cle
8.0,Elijah Moore,24.0,WR,,,180,5-10,Mississippi,3/27/2000,3,,New York Jets / 2nd / 34th pick / 2021,2024,1,cle
85.0,David Njoku,28.0,TE,,,246,6-4,Miami (FL),7/10/1996,7,,Cleveland Browns / 1st / 29th pick / 2017,2024,1,cle
11.0,James Proche,28.0,WR,,,193,5-11,SMU,9/21/1996,4,,Baltimore Ravens / 6th / 201st pick / 2020,2024,1,cle
44.0,Giovanni Ricci,28.0,TE,,,240,6-3,Western Michigan,10/16/1996,3,,,2024,1,cle
49.0,Aidan Robbins,24.0,RB,,,237,6-2,BYU,12/22/2000,Rook,,,2024,1,cle
20.0,Pierre Strong,26.0,RB,,,215,5-11,South Dakota St.,12/10/1998,2,,New England Patriots / 4th / 127th pick / 2022,2024,1,cle
17.0,Dorian Thompson-Robinson,25.0,QB,,,203,6-2,UCLA,11/14/1999,1,,Cleveland Browns / 5th / 140th pick / 2023,2024,1,cle
80.0,Jamari Thrash,24.0,WR,,,188,,"Georgia St.,Louisville",12/19/2000,Rook,,Cleveland Browns / 5th / 156th pick / 2024,2024,1,cle
19.0,Cedric Tillman,24.0,WR,,,215,,Tennessee,4/19/2000,1,,Cleveland Browns / 3rd / 74th pick / 2023,2024,1,cle
4.0,Deshaun Watson,29.0,QB,,,223,6-3,Clemson,9/14/1995,7,,Houston Texans / 1st / 12th pick / 2017,2024,1,cle
82.0,Treyton Welch,23.0,TE,,,240,6-4,Wyoming,1/10/2001,Rook,,,2024,1,cle
5.0,Jameis Winston,30.0,QB,,,231,6-4,Florida St.,1/6/1994,9,,Tampa Bay Buccaneers / 1st / 1st pick / 2015,2024,1,cle
81.0,Michael Woods II,24.0,WR,,,204,6-1,"Arkansas,Oklahoma",3/19/2000,2,,Cleveland Browns / 6th / 202nd pick / 2022,2024,1,cle
83.0,Jalen Brooks,24.0,WR,,,205,,South Carolina,5/7/2000,1,,Dallas Cowboys / 7th / 244th pick / 2023,2024,1,dal
32.0,Snoop Conner,25.0,RB,,,222,5-10,Mississippi,12/16/1999,2,,Jacksonville Jaguars / 5th / 154th pick / 2022,2024,1,dal
3.0,Brandin Cooks,31.0,WR,,,189,5-10,Oregon St.,9/25/1993,10,,New Orleans Saints / 1st / 20th pick / 2014,2024,1,dal
17.0,Corey Crooms,23.0,WR,,,180,5-11,Minnesota,4/17/2001,Rook,,,2024,1,dal
34.0,Malik Davis,26.0,RB,,,202,5-11,Florida,11/26/1998,2,,,2024,1,dal
23.0,Rico Dowdle,26.0,RB,,,215,6-0,South Carolina,6/14/1998,4,,,2024,1,dal
85.0,David Durden,26.0,WR,,,200,6-2,West Florida,12/26/1998,Rook,,,2024,1,dal
15.0,Ezekiel Elliott,29.0,RB,,,225,6-0,Ohio St.,7/22/1995,8,,Dallas Cowboys / 1st / 4th pick / 2016,2024,1,dal
48.0,Princeton Fant,25.0,TE,,,235,6-2,Tennessee,3/11/1999,1,,,2024,1,dal
87.0,Jake Ferguson,25.0,TE,,,244,6-5,Wisconsin,1/18/1999,2,,Dallas Cowboys / 4th / 129th pick / 2022,2024,1,dal
18.0,Ryan Flournoy,25.0,WR,,,197,,"Central Missouri St.,Iowa Western,SE Missouri St.",10/27/1999,Rook,,Dallas Cowboys / 6th / 216th pick / 2024,2024,1,dal
27.0,Royce Freeman,28.0,RB,,,238,6-0,Oregon,2/24/1996,6,,Denver Broncos / 3rd / 71st pick / 2018,2024,1,dal
29.0,C.J. Goodwin,34.0,WR,,,190,6-3,California (PA),2/4/1990,8,,,2024,1,dal
89.0,Peyton Hendershot,25.0,TE,,,254,,Indiana,4/23/1999,2,,,2024,1,dal
49.0,Alec Holler,25.0,TE,,,242,6-3,UCF,7/19/1999,Rook,,,2024,1,dal
14.0,Cam Johnson,25.0,WR,,,202,6-0,Northwestern,4/12/1999,Rook,,,2024,1,dal
13.0,Tyron Johnson,28.0,WR,,,193,6-1,"LSU,Oklahoma St.",1/8/1996,4,,,2024,1,dal
88.0,CeeDee Lamb,25.0,WR,,,200,6-2,Oklahoma,4/8/1999,4,,Dallas Cowboys / 1st / 17th pick / 2020,2024,1,dal
19.0,Trey Lance,24.0,QB,,,226,6-4,North Dakota St.,5/9/2000,3,,San Francisco 49ers / 1st / 3rd pick / 2021,2024,1,dal
40.0,Hunter Luepke,24.0,RB,,,238,,North Dakota St.,2/28/2000,1,,,2024,1,dal
80.0,Racey McMath,25.0,WR,,,217,6-3,LSU,6/14/1999,3,,Tennessee Titans / 6th / 205th pick / 2021,2024,1,dal
16.0,Jalen Moreno-Cropper,23.0,WR,,,172,,Fresno St.,5/3/2001,Rook,,,2024,1,dal
36.0,Nathaniel Peat,24.0,RB,,,197,5-8,Missouri,8/23/2000,Rook,,,2024,1,dal
4.0,Dak Prescott,31.0,QB,,,238,6-2,Mississippi St.,7/29/1993,8,,Dallas Cowboys / 4th / 135th pick / 2016,2024,1,dal
10.0,Cooper Rush,31.0,QB,,,225,6-3,Central Michigan,11/21/1993,7,,,2024,1,dal
86.0,Luke Schoonmaker,26.0,TE,,,250,6-5,Michigan,9/28/1998,1,,Dallas Cowboys / 2nd / 58th pick / 2023,2024,1,dal
47.0,Brevyn Spann-Ford,25.0,TE,,,260,,Minnesota,12/27/1999,Rook,,,2024,1,dal
81.0,John Stephens,25.0,WR,,,221,6-5,Louisiana,9/23/1999,Rook,,,2024,1,dal
1.0,Jalen Tolbert,25.0,WR,,,195,6-1,South Alabama,2/27/1999,2,,Dallas Cowboys / 3rd / 88th pick / 2022,2024,1,dal
9.0,KaVontae Turpin,28.0,WR,,,153,5-9,TCU,8/2/1996,2,,,2024,1,dal
42.0,Deuce Vaughn,23.0,RB,,,176,,Kansas St.,11/2/2001,1,,Dallas Cowboys / 6th / 212th pick / 2023,2024,1,dal
45.0,Nate Adkins,25.0,TE,,,252,6-3,"East Tennessee St.,South Carolina",7/9/1999,1,,,2024,1,den
36.0,Tyler Badie,24.0,RB,,,197,5-8,Missouri,2/7/2000,2,,Baltimore Ravens / 6th / 196th pick / 2022,2024,1,den
83.0,Michael Bandy,27.0,WR,,,190,5-10,San Diego,12/5/1997,3,,,2024,1,den
20.0,Michael Burton,32.0,RB,,,247,6-0,Rutgers,2/1/1992,9,,Detroit Lions / 5th / 168th pick / 2015,2024,1,den
13.0,Phillip Dorsett,31.0,WR,,,192,5-10,Miami (FL),1/5/1993,9,,Indianapolis Colts / 1st / 29th pick / 2015,2024,1,den
80.0,Greg Dulcich,24.0,TE,,,245,6-4,UCLA,3/26/2000,2,,Denver Broncos / 3rd / 80th pick / 2022,2024,1,den
37.0,Audric Estime,21.0,RB,,,221,,Notre Dame,9/6/2003,Rook,,Denver Broncos / 5th / 147th pick / 2024,2024,1,den
16.0,Troy Franklin,21.0,WR,,,176,,Oregon,2/6/2003,Rook,,Denver Broncos / 4th / 102nd pick / 2024,2024,1,den
17.0,Lil\'Jordan Humphrey,26.0,WR,,,225,6-4,Texas,4/19/1998,5,,,2024,1,den
89.0,Brandon Johnson,26.0,WR,,,195,6-2,"Tennessee,Central Florida",7/26/1998,2,,,2024,1,den
85.0,Lucas Krull,26.0,TE,,,260,,"Jefferson,Florida,Pittsburgh",7/11/1998,2,,,2024,1,den
,John Matocha,,QB,,,180,5-11,Colorado School of Mines,,Rook,,,2024,1,den
38.0,Jaleel McLaughlin,24.0,RB,,,187,5-7,"Notre Dame (OH),Youngstown St.",9/13/2000,1,,,2024,1,den
19.0,Marvin Mims,22.0,WR,,,182,,Oklahoma,3/19/2002,1,,Denver Broncos / 2nd / 63rd pick / 2023,2024,1,den
10.0,Bo Nix,24.0,QB,,,217,,"Auburn,Oregon",2/25/2000,Rook,,Denver Broncos / 1st / 12th pick / 2024,2024,1,den
12.0,Tim Patrick,31.0,WR,,,212,6-4,Utah,11/23/1993,6,,,2024,1,den
25.0,Samaje Perine,29.0,RB,,,236,5-10,Oklahoma,9/16/1995,7,,Washington Redskins / 4th / 114th pick / 2017,2024,1,den
11.0,Josh Reynolds,29.0,WR,,,194,6-3,Texas A&M,2/16/1995,7,,Los Angeles Rams / 4th / 117th pick / 2017,2024,1,den
87.0,David Sills,28.0,WR,,,211,6-3,West Virginia,5/29/1996,3,,,2024,1,den
8.0,Jarrett Stidham,28.0,QB,,,215,6-3,"Baylor,Auburn",8/8/1996,5,,New England Patriots / 4th / 133rd pick / 2019,2024,1,den
14.0,Courtland Sutton,29.0,WR,,,216,6-4,SMU,10/10/1995,6,,Denver Broncos / 2nd / 40th pick / 2018,2024,1,den
82.0,Adam Trautman,27.0,TE,,,253,6-5,Dayton,2/5/1997,4,,New Orleans Saints / 3rd / 105th pick / 2020,2024,1,den
81.0,Devaughn Vele,27.0,WR,,,210,,Utah,12/12/1997,Rook,,Denver Broncos / 7th / 235th pick / 2024,2024,1,den
15.0,Jalen Virgil,26.0,WR,,,210,6-1,Appalachian St.,7/13/1998,2,,,2024,1,den
39.0,Dwayne Washington,30.0,RB,,,223,6-1,Washington,4/24/1994,8,,Detroit Lions / 7th / 236th pick / 2016,2024,1,den
43.0,Blake Watson,25.0,RB,,,195,,"Old Dominion,Memphis",10/14/1999,Rook,,,2024,1,den
33.0,Javonte Williams,24.0,RB,,,220,5-10,North Carolina,4/25/2000,3,,Denver Broncos / 2nd / 35th pick / 2021,2024,1,den
4.0,Zach Wilson,25.0,QB,,,214,6-2,BYU,8/3/1999,3,,New York Jets / 1st / 2nd pick / 2021,2024,1,den
86.0,Thomas Yassmin,24.0,TE,,,251,,Utah,10/21/2000,Rook,,,2024,1,den
1.0,Maurice Alexander,27.0,WR,,,174,5-11,Florida International,1/10/1997,2,,,2024,1,det
80.0,Jalon Calhoun,24.0,WR,,,194,5-11,Duke,12/16/2000,Rook,,,2024,1,det
88.0,Kaden Davis,26.0,WR,,,190,6-1,Northwest Missouri State,9/25/1998,Rook,,,2024,1,det
86.0,Anthony Firkser,29.0,TE,,,246,6-2,Harvard,2/19/1995,6,,,2024,1,det
12.0,Daurice Fountain,29.0,WR,,,210,6-2,Northern Iowa,12/22/1995,6,,Indianapolis Colts / 5th / 159th pick / 2018,2024,1,det
36.0,Jake Funk,26.0,RB,,,205,5-10,Maryland,1/11/1998,3,,Los Angeles Rams / 7th / 233rd pick / 2021,2024,1,det
26.0,Jahmyr Gibbs,22.0,RB,,,200,,"Georgia Tech,Alabama",3/20/2002,1,,Detroit Lions / 1st / 12th pick / 2023,2024,1,det
16.0,Jared Goff,30.0,QB,,,217,6-4,California,10/14/1994,8,,Los Angeles Rams / 1st / 1st pick / 2016,2024,1,det
18.0,Antoine Green,25.0,WR,,,199,6-2,North Carolina,11/15/1999,1,,Detroit Lions / 7th / 219th pick / 2023,2024,1,det
,Michael Herzog,,RB,,,201,5-8,Hillsdale,,Rook,,,2024,1,det
43.0,Parker Hesse,29.0,TE,,,261,6-3,Iowa,5/26/1995,3,,,2024,1,det
2.0,Hendon Hooker,26.0,QB,,,220,6-3,"Virginia Tech,Tennessee",1/13/1998,Rook,,Detroit Lions / 3rd / 68th pick / 2023,2024,1,det
28.0,Jermar Jefferson,24.0,RB,,,212,5-10,Oregon St.,4/15/2000,3,,Detroit Lions / 7th / 257th pick / 2021,2024,1,det
85.0,Tom Kennedy,28.0,WR,,,195,5-10,Bryant,7/29/1996,5,,,2024,1,det
27.0,Zonovan Knight,23.0,RB,,,209,5-10,North Carolina St.,4/11/2001,2,,,2024,1,det
87.0,Sam LaPorta,23.0,TE,,,245,6-3,Iowa,1/12/2001,1,,Detroit Lions / 2nd / 34th pick / 2023,2024,1,det
86.0,Sean McKeon,27.0,TE,,,238,6-5,Michigan,12/28/1997,4,,,2024,1,det
82.0,James Mitchell,25.0,TE,,,246,6-4,Virginia Tech,8/11/1999,2,,Detroit Lions / 5th / 177th pick / 2022,2024,1,det
5.0,David Montgomery,27.0,RB,,,224,5-11,Iowa St.,6/7/1997,5,,Chicago Bears / 3rd / 73rd pick / 2019,2024,1,det
19.0,Donovan Peoples-Jones,25.0,WR,,,204,6-2,Michigan,2/19/1999,4,,Cleveland Browns / 6th / 187th pick / 2020,2024,1,det
,Cade Peterson,,QB,,,223,6-4,Grand Valley State,,Rook,,,2024,1,det
11.0,Kalif Raymond,30.0,WR,,,180,5-8,Holy Cross,8/8/1994,8,,,2024,1,det
13.0,Craig Reynolds,28.0,RB,,,216,5-11,Kutztown (PA),6/15/1996,5,,,2024,1,det
10.0,Tre\'Quan Smith,28.0,WR,,,210,6-1,Central Florida,1/7/1996,6,,New Orleans Saints / 3rd / 91st pick / 2018,2024,1,det
14.0,Amon-Ra St. Brown,25.0,WR,,,202,6-0,USC,10/24/1999,3,,Detroit Lions / 4th / 112th pick / 2021,2024,1,det
8.0,Nate Sudfeld,31.0,QB,,,230,6-6,Indiana,10/7/1993,7,,Washington Redskins / 6th / 187th pick / 2016,2024,1,det
83.0,Isaiah Williams,23.0,WR,,,182,,Illinois,1/29/2001,Rook,,,2024,1,det
9.0,Jameson Williams,23.0,WR,,,180,6-1,"Ohio St.,Alabama",3/26/2001,2,,Detroit Lions / 1st / 12th pick / 2022,2024,1,det
89.0,Brock Wright,26.0,TE,,,250,6-5,Notre Dame,11/27/1998,3,,,2024,1,det
84.0,Shane Zylstra,28.0,TE,,,240,6-4,Minnesota St.,11/16/1996,3,,,2024,1,det
6.0,Sean Clifford,26.0,QB,,,218,,Penn St.,7/14/1998,1,,Green Bay Packers / 5th / 149th pick / 2023,2024,1,gnb
84.0,Tyler Davis,27.0,TE,,,252,6-4,"Connecticut,Georgia Tech",4/2/1997,4,,Jacksonville Jaguars / 6th / 206th pick / 2020,2024,1,gnb
28.0,AJ Dillon,26.0,RB,,,247,6-0,Boston Col.,5/2/1998,4,,Green Bay Packers / 2nd / 62nd pick / 2020,2024,1,gnb
87.0,Romeo Doubs,24.0,WR,,,204,6-2,Nevada,4/13/2000,2,,Green Bay Packers / 4th / 132nd pick / 2022,2024,1,gnb
86.0,Grant Dubose,23.0,WR,,,201,6-2,"Miles,Charlotte",6/20/2001,Rook,,Green Bay Packers / 7th / 256th pick / 2023,2024,1,gnb
18.0,Malik Heath,24.0,WR,,,213,6-2,"Copiah-Lincoln CC,Mississippi St.,Mississippi",3/3/2000,1,,,2024,1,gnb
81.0,Julian Hicks,25.0,WR,,,201,6-2,Albany,9/29/1999,Rook,,,2024,1,gnb
35.0,Jarveon Howard,25.0,RB,,,215,5-10,Alcorn State,12/13/1999,Rook,,,2024,1,gnb
8.0,Josh Jacobs,26.0,RB,,,223,5-10,Alabama,2/11/1998,5,,Oakland Raiders / 1st / 24th pick / 2019,2024,1,gnb
85.0,Tucker Kraft,24.0,TE,,,259,,South Dakota St.,11/3/2000,1,,Green Bay Packers / 3rd / 78th pick / 2023,2024,1,gnb
32.0,MarShawn Lloyd,23.0,RB,,,220,,"South Carolina,USC",1/5/2001,Rook,,Green Bay Packers / 3rd / 88th pick / 2024,2024,1,gnb
10.0,Jordan Love,26.0,QB,,,219,6-4,Utah St.,11/2/1998,3,,Green Bay Packers / 1st / 26th pick / 2020,2024,1,gnb
,Dylan McDuffie,24.0,RB,,,215,6-0,Kansas,2/19/2000,Rook,,,2024,1,gnb
2.0,Alex McGough,29.0,QB,,,214,6-3,Florida International,11/19/1995,6,,Seattle Seahawks / 7th / 220th pick / 2018,2024,1,gnb
80.0,Bo Melton,25.0,WR,,,189,5-11,Rutgers,5/18/1999,1,,Seattle Seahawks / 7th / 229th pick / 2022,2024,1,gnb
38.0,Ellis Merriweather,25.0,RB,,,225,6-2,UMass,4/7/1999,Rook,,,2024,1,gnb
88.0,Luke Musgrave,24.0,TE,,,253,,Oregon St.,9/2/2000,1,,Green Bay Packers / 2nd / 42nd pick / 2023,2024,1,gnb
42.0,Matthew Orzech,29.0,TE,,,245,6-3,Azusa Pacific,4/12/1995,5,,,2024,1,gnb
44.0,Henry Pearson,25.0,RB,,,249,6-2,Appalachian St.,11/23/1999,1,,,2024,1,gnb
17.0,Michael Pratt,23.0,QB,,,220,,Tulane,9/30/2001,Rook,,Green Bay Packers / 7th / 245th pick / 2024,2024,1,gnb
11.0,Jayden Reed,24.0,WR,,,187,5-11,"Western Michigan,Michigan St.",4/28/2000,1,,Green Bay Packers / 2nd / 50th pick / 2023,2024,1,gnb
89.0,Ben Sims,24.0,TE,,,250,,Baylor,5/16/2000,1,,,2024,1,gnb
19.0,Dimitri Stanley,25.0,WR,,,200,6-0,Iowa State,11/23/1999,Rook,,,2024,1,gnb
43.0,Messiah Swinson,24.0,TE,,,259,6-7,Arizona State,4/20/2000,Rook,,,2024,1,gnb
83.0,Samori Toure,26.0,WR,,,191,6-1,"Montana,Nebraska",3/24/1998,2,,Green Bay Packers / 7th / 258th pick / 2022,2024,1,gnb
9.0,Christian Watson,25.0,WR,,,208,6-4,North Dakota St.,5/12/1999,2,,Green Bay Packers / 2nd / 34th pick / 2022,2024,1,gnb
13.0,Dontayvion Wicks,23.0,WR,,,206,,Virginia,6/16/2001,1,,Green Bay Packers / 5th / 159th pick / 2023,2024,1,gnb
31.0,Emanuel Wilson,25.0,RB,,,226,5-11,"Johnson C. Smith,Fort Valley St.",5/8/1999,1,,,2024,1,gnb
82.0,Joel Wilson,24.0,TE,,,250,6-4,Central Michigan,6/21/2000,Rook,,,2024,1,gnb
,Thyrick Pitts (IR),25.0,WR,,,201,6-1,Delaware,4/8/1999,Rook,,,2024,1,gnb
47.0,Andrew Beck,28.0,TE,,,255,6-3,Texas,5/15/1996,5,,,2024,1,htx
16.0,Tim Boyle,30.0,QB,,,232,6-4,"Connecticut,Eastern Kentucky",10/3/1994,5,,,2024,1,htx
44.0,British Brooks,25.0,RB,,,225,5-11,North Carolina,11/18/1999,Rook,,,2024,1,htx
85.0,Noah Brown,28.0,WR,,,215,6-2,Ohio St.,1/6/1996,7,,Dallas Cowboys / 7th / 239th pick / 2017,2024,1,htx
12.0,Nico Collins,25.0,WR,,,215,6-4,Michigan,3/19/1999,3,,Houston Texans / 3rd / 89th pick / 2021,2024,1,htx
3.0,Tank Dell,25.0,WR,,,165,,"Alabama A&M,Independence (KS),Houston",10/29/1999,1,,Houston Texans / 3rd / 69th pick / 2023,2024,1,htx
1.0,Stefon Diggs,31.0,WR,,,191,6-0,Maryland,11/29/1993,9,,Minnesota Vikings / 5th / 146th pick / 2015,2024,1,htx
19.0,Xavier Hutchinson,24.0,WR,,,205,,"Blinn College (TX),Iowa St.",6/1/2000,1,,Houston Texans / 6th / 205th pick / 2023,2024,1,htx
83.0,Jadon Janke,25.0,WR,,,210,6-3,South Dakota State,11/10/1999,Rook,,,2024,1,htx
81.0,Jaxon Janke,25.0,WR,,,210,,South Dakota St.,11/10/1999,Rook,,,2024,1,htx
88.0,Johnny Johnson,25.0,WR,,,199,,Oregon,5/4/1999,2,,,2024,1,htx
9.0,Brevin Jordan,24.0,TE,,,245,6-3,Miami (FL),7/16/2000,3,,Houston Texans / 5th / 147th pick / 2021,2024,1,htx
42.0,Jawhar Jordan,25.0,RB,,,193,,"Syracuse,Louisville",8/18/1999,Rook,,Houston Texans / 6th / 205th pick / 2024,2024,1,htx
40.0,Dalton Keene,25.0,TE,,,251,6-4,Virginia Tech,4/14/1999,4,,New England Patriots / 3rd / 101st pick / 2020,2024,1,htx
18.0,Case Keenum,36.0,QB,,,206,6-1,Houston,2/17/1988,11,,,2024,1,htx
8.0,John Metchie,24.0,WR,,,187,5-11,Alabama,7/18/2000,1,,Houston Texans / 2nd / 44th pick / 2022,2024,1,htx
10.0,Davis Mills,26.0,QB,,,225,6-4,Stanford,10/21/1998,3,,Houston Texans / 3rd / 67th pick / 2021,2024,1,htx
28.0,Joe Mixon,28.0,RB,,,220,6-1,Oklahoma,7/24/1996,7,,Cincinnati Bengals / 2nd / 48th pick / 2017,2024,1,htx
33.0,Dare Ogunbowale,30.0,RB,,,205,5-11,Wisconsin,5/4/1994,7,,,2024,1,htx
31.0,Dameon Pierce,24.0,RB,,,218,5-10,Florida,2/19/2000,2,,Houston Texans / 4th / 107th pick / 2022,2024,1,htx
84.0,Teagan Quitoriano,24.0,TE,,,259,6-6,Oregon St.,3/15/2000,2,,Houston Texans / 5th / 170th pick / 2022,2024,1,htx
86.0,Dalton Schultz,28.0,TE,,,244,6-5,Stanford,7/11/1996,6,,Dallas Cowboys / 4th / 137th pick / 2018,2024,1,htx
82.0,Steven Sims,27.0,WR,,,176,5-10,Kansas,3/31/1997,5,,,2024,1,htx
26.0,Ben Skowronek,27.0,WR,,,224,6-3,"Northwestern,Notre Dame",6/27/1997,3,,Los Angeles Rams / 7th / 249th pick / 2021,2024,1,htx
87.0,Cade Stover,24.0,TE,,,247,,Ohio St.,6/12/2000,Rook,,Houston Texans / 4th / 123rd pick / 2024,2024,1,htx
7.0,C.J. Stroud,23.0,QB,,,218,,Ohio St.,10/3/2001,1,,Houston Texans / 1st / 2nd pick / 2023,2024,1,htx
38.0,J.J. Taylor,26.0,RB,,,185,5-6,Arizona,1/4/1998,4,,,2024,1,htx
89.0,Jared Wayne,24.0,WR,,,210,,Pittsburgh,10/7/2000,Rook,,,2024,1,htx
2.0,Robert Woods,32.0,WR,,,195,6-0,USC,4/10/1992,11,,Buffalo Bills / 2nd / 41st pick / 2013,2024,1,htx
81.0,Mo Alie-Cox,31.0,TE,,,267,6-5,Virginia Commonwealth,9/19/1993,6,,,2024,1,clt
8.0,Jason Bean,25.0,QB,,,205,,"North Texas,Kansas",6/9/1999,Rook,,,2024,1,clt
,Dakota Caton,,WR,,,185,5-10,Indiana State,,Rook,,,2024,1,clt
12.0,Tyrie Cleveland,27.0,WR,,,209,6-2,Florida,9/20/1997,4,,Denver Broncos / 7th / 252nd pick / 2020,2024,1,clt
1.0,Josh Downs,23.0,WR,,,175,,North Carolina,8/12/2001,1,,Indianapolis Colts / 3rd / 79th pick / 2023,2024,1,clt
16.0,Ashton Dulin,27.0,WR,,,215,6-2,Malone,5/15/1997,5,,,2024,1,clt
4.0,Sam Ehlinger,26.0,QB,,,225,6-2,Texas,9/30/1998,3,,Indianapolis Colts / 6th / 218th pick / 2021,2024,1,clt
,Malcolm Epps,,TE,,,255,6-6,Pittsburgh,,Rook,,,2024,1,clt
3.0,Ethan Fernea,26.0,WR,,,195,5-11,UCLA,3/2/1998,2,,,2024,1,clt
15.0,Joe Flacco,39.0,QB,,,245,6-6,"Pittsburgh,Delaware",1/16/1985,16,,Baltimore Ravens / 1st / 18th pick / 2008,2024,1,clt
31.0,Tyler Goodson,24.0,RB,,,197,,Iowa,11/10/2000,1,,,2024,1,clt
6.0,Anthony Gould,23.0,WR,,,174,,Oregon St.,4/6/2001,Rook,,Indianapolis Colts / 5th / 142nd pick / 2024,2024,1,clt
83.0,Kylen Granson,26.0,TE,,,242,6-3,"Rice,SMU",3/27/1998,3,,Indianapolis Colts / 4th / 127th pick / 2021,2024,1,clt
,Kaylon Horton,,WR,,,173,5-9,North Texas,,Rook,,,2024,1,clt
26.0,Evan Hull,24.0,RB,,,209,5-10,Northwestern,10/26/2000,1,,Indianapolis Colts / 5th / 176th pick / 2023,2024,1,clt
86.0,Will Mallory,25.0,TE,,,239,6-4,Miami (FL),6/22/1999,1,,Indianapolis Colts / 5th / 162nd pick / 2023,2024,1,clt
10.0,Adonai Mitchell,22.0,WR,,,205,,"Georgia,Texas",10/8/2002,Rook,,Indianapolis Colts / 2nd / 52nd pick / 2024,2024,1,clt
2.0,D.J. Montgomery,28.0,WR,,,201,6-1,Austin Peay St.,11/17/1996,3,,,2024,1,clt
85.0,Andrew Ogletree,26.0,TE,,,260,6-5,"Findlay,Youngstown St.",7/28/1998,1,,Indianapolis Colts / 6th / 192nd pick / 2022,2024,1,clt
36.0,Trent Pennix,25.0,RB,,,234,6-2,North Carolina State,12/10/1999,Rook,,,2024,1,clt
14.0,Alec Pierce,24.0,WR,,,211,6-3,Cincinnati,5/2/2000,2,,Indianapolis Colts / 2nd / 53rd pick / 2022,2024,1,clt
11.0,Michael Pittman Jr.,27.0,WR,,,223,6-4,USC,10/5/1997,4,,Indianapolis Colts / 2nd / 34th pick / 2020,2024,1,clt
5.0,Anthony Richardson,22.0,QB,,,244,,Florida,5/22/2002,1,,Indianapolis Colts / 1st / 4th pick / 2023,2024,1,clt
34.0,Zavier Scott,25.0,RB,,,220,6-1,Maine,7/17/1999,Rook,,,2024,1,clt
27.0,Trey Sermon,25.0,RB,,,215,6-0,"Oklahoma,Ohio St.",1/30/1999,3,,San Francisco 49ers / 3rd / 88th pick / 2021,2024,1,clt
17.0,Kedon Slovis,23.0,QB,,,215,,"USC,Pittsburgh,BYU",4/11/2001,Rook,,,2024,1,clt
13.0,Derek Slywka,,WR,,,215,6-3,Ithaca,,Rook,,,2024,1,clt
,Justin Strong,,RB,,,205,6-0,Southern Illinois,,Rook,,,2024,1,clt
28.0,Jonathan Taylor,25.0,RB,,,226,5-10,Wisconsin,1/19/1999,4,,Indianapolis Colts / 2nd / 41st pick / 2020,2024,1,clt
49.0,Eric Tomlinson,32.0,TE,,,265,6-6,Texas-El Paso,4/22/1992,8,,,2024,1,clt
7.0,Xavier White,,WR,,,190,5-10,Texas Tech,,Rook,,,2024,1,clt
9.0,Juwann Winfree,28.0,WR,,,210,6-1,Colorado,9/4/1996,5,,Denver Broncos / 6th / 187th pick / 2019,2024,1,clt
80.0,Jelani Woods,26.0,TE,,,253,6-7,"Oklahoma St.,Virginia",10/9/1998,2,,Indianapolis Colts / 3rd / 73rd pick / 2022,2024,1,clt
19.0,Matt Barkley,34.0,QB,,,234,6-2,USC,9/8/1990,11,,Philadelphia Eagles / 4th / 98th pick / 2013,2024,1,jax
3.0,C.J. Beathard,31.0,QB,,,215,6-2,Iowa,11/16/1993,7,,San Francisco 49ers / 3rd / 104th pick / 2017,2024,1,jax
4.0,Tank Bigsby,23.0,RB,,,213,,Auburn,8/30/2001,1,,Jacksonville Jaguars / 3rd / 88th pick / 2023,2024,1,jax
49.0,Shawn Bowman,24.0,TE,,,265,6-5,Rutgers,5/16/2000,Rook,,,2024,1,jax
19.0,Joshua Cephus,23.0,WR,,,185,,Texas-San Antonio,3/5/2001,Rook,,,2024,1,jax
14.0,Elijah Cooks,26.0,WR,,,215,,"Nevada,San Jose St.",10/13/1998,1,,,2024,1,jax
,Gabriel Davis,25.0,WR,,,225,6-2,Central Florida,4/1/1999,4,,Buffalo Bills / 4th / 128th pick / 2020,2024,1,jax
81.0,Josiah Deguara,27.0,TE,,,238,6-2,Cincinnati,2/14/1997,4,,Green Bay Packers / 3rd / 94th pick / 2020,2024,1,jax
12.0,Devin Duvernay,27.0,WR,,,202,5-11,Texas,9/12/1997,4,,Baltimore Ravens / 3rd / 92nd pick / 2020,2024,1,jax
80.0,Brevin Easton,23.0,WR,,,197,5-11,Albany,1/1/2001,Rook,,,2024,1,jax
17.0,Evan Engram,30.0,TE,,,240,6-3,Mississippi,9/2/1994,7,,New York Giants / 1st / 23rd pick / 2017,2024,1,jax
1.0,Travis Etienne,25.0,RB,,,215,5-10,Clemson,1/26/1999,2,,Jacksonville Jaguars / 1st / 25th pick / 2021,2024,1,jax
89.0,Luke Farrell,27.0,TE,,,250,6-5,Ohio St.,10/14/1997,3,,Jacksonville Jaguars / 5th / 145th pick / 2021,2024,1,jax
36.0,Jalen Jackson,24.0,RB,,,220,5-9,Villanova,6/26/2000,Rook,,,2024,1,jax
2.0,D\'Ernest Johnson,28.0,RB,,,208,5-10,South Florida,2/27/1996,5,,,2024,1,jax
10.0,Mac Jones,26.0,QB,,,220,6-3,Alabama,9/5/1998,3,,New England Patriots / 1st / 15th pick / 2021,2024,1,jax
15.0,Tim Jones,26.0,WR,,,210,6-1,Southern Miss,5/16/1998,2,,,2024,1,jax
13.0,Christian Kirk,28.0,WR,,,200,5-11,Texas A&M,11/18/1996,6,,Arizona Cardinals / 2nd / 47th pick / 2018,2024,1,jax
16.0,Trevor Lawrence,25.0,QB,,,220,6-6,Clemson,10/6/1999,3,,Jacksonville Jaguars / 1st / 1st pick / 2021,2024,1,jax
35.0,Lorenzo Lingard,25.0,RB,,,205,6-0,Akron,5/29/1999,Rook,,,2024,1,jax
,Joshua Lingenfelter,,TE,,,250,6-3,Army,,Rook,,,2024,1,jax
83.0,Kyric McGowan,25.0,WR,,,198,5-11,"Northwestern,Georgia Tech",11/1/1999,2,,,2024,1,jax
83.0,Jaylon Moore,27.0,WR,,,198,5-11,UT Martin,7/1/1997,Rook,,,2024,1,jax
88.0,Patrick Murtagh,24.0,TE,,,250,6-6,,2/11/2000,Rook,,,2024,1,jax
87.0,Josh Pederson,27.0,TE,,,235,6-5,La-Monroe,9/9/1997,1,,,2024,1,jax
31.0,Keilan Robinson,24.0,RB,,,191,,"Alabama,Texas",2/16/2000,Rook,,Jacksonville Jaguars / 5th / 167th pick / 2024,2024,1,jax
84.0,Joseph Scates,24.0,WR,,,210,6-2,Memphis,2/19/2000,Rook,,,2024,1,jax
85.0,Brenton Strange,24.0,TE,,,247,,Penn St.,12/27/2000,1,,Jacksonville Jaguars / 2nd / 61st pick / 2023,2024,1,jax
7.0,Brian Thomas,22.0,WR,,,209,,LSU,10/8/2002,Rook,,Jacksonville Jaguars / 1st / 23rd pick / 2024,2024,1,jax
86.0,Austin Trammell,26.0,WR,,,185,5-10,Rice,7/4/1998,3,,,2024,1,jax
11.0,Parker Washington,22.0,WR,,,212,,Penn St.,3/21/2002,1,,Jacksonville Jaguars / 6th / 185th pick / 2023,2024,1,jax
18.0,Seth Williams,24.0,WR,,,211,6-2,Auburn,4/10/2000,3,,Denver Broncos / 6th / 219th pick / 2021,2024,1,jax
86.0,David White (IR),,WR,,,200,,"Valdosta St.,Western Carolina",,Rook,,,2024,1,jax
,TD Ayo-Durojaiye,,RB,,,210,5-11,Villanova,,Rook,,,2024,1,kan
39.0,Emani Bailey,23.0,RB,,,202,,"Louisiana,TCU",11/28/2001,Rook,,,2024,1,kan
16.0,Ian Book,26.0,QB,,,206,6-0,Notre Dame,3/30/1998,3,,New Orleans Saints / 4th / 133rd pick / 2021,2024,1,kan
88.0,Phillip Brooks,25.0,WR,,,175,5-7,Kansas State,9/19/1999,Rook,,,2024,1,kan
5.0,Marquise Brown,27.0,WR,,,180,5-9,"College of the Canyons (CA),Oklahoma",6/4/1997,5,,Baltimore Ravens / 1st / 25th pick / 2019,2024,1,kan
49.0,Matt Bushman,29.0,TE,,,245,6-5,BYU,11/3/1995,3,,,2024,1,kan
47.0,Baylor Cupp,24.0,TE,,,243,6-6,Texas Tech,5/10/2000,Rook,,,2024,1,kan
25.0,Clyde Edwards-Helaire,25.0,RB,,,207,5-7,LSU,4/11/1999,4,,Kansas City Chiefs / 1st / 32nd pick / 2020,2024,1,kan
9.0,Blaine Gabbert,35.0,QB,,,233,6-4,Missouri,10/15/1989,13,,Jacksonville Jaguars / 1st / 10th pick / 2011,2024,1,kan
,Daniel George,,WR,,,210,6-2,Akron,,Rook,,,2024,1,kan
83.0,Noah Gray,25.0,TE,,,240,6-3,Duke,4/30/1999,3,,Kansas City Chiefs / 5th / 162nd pick / 2021,2024,1,kan
17.0,Mecole Hardman,26.0,WR,,,187,5-10,Georgia,3/12/1998,5,,Kansas City Chiefs / 2nd / 56th pick / 2019,2024,1,kan
89.0,Jaaron Hayek,23.0,WR,,,199,6-0,Villanova,6/6/2001,Rook,,,2024,1,kan
30.0,Keaontay Ingram,25.0,RB,,,221,6-0,"Texas,USC",10/26/1999,2,,Arizona Cardinals / 6th / 201st pick / 2022,2024,1,kan
87.0,Travis Kelce,35.0,TE,,,250,6-5,Cincinnati,10/5/1989,11,,Kansas City Chiefs / 3rd / 63rd pick / 2013,2024,1,kan
15.0,Patrick Mahomes,29.0,QB,,,225,6-2,Texas Tech,9/17/1995,7,,Kansas City Chiefs / 1st / 10th pick / 2017,2024,1,kan
,Zach Mathis,,WR,,,203,6-7,North Dakota State,,Rook,,,2024,1,kan
24.0,Skyy Moore,24.0,WR,,,195,5-10,Western Michigan,9/10/2000,2,,Kansas City Chiefs / 2nd / 54th pick / 2022,2024,1,kan
13.0,Chris Oladokun,27.0,QB,,,195,6-2,"South Florida,Samford,South Dakota St.",9/3/1997,Rook,,Pittsburgh Steelers / 7th / 241st pick / 2022,2024,1,kan
10.0,Isiah Pacheco,25.0,RB,,,216,5-10,Rutgers,3/2/1999,2,,Kansas City Chiefs / 7th / 251st pick / 2022,2024,1,kan
,Trey Potts,,RB,,,215,5-9,Penn State,,Rook,,,2024,1,kan
14.0,Cornell Powell,27.0,WR,,,204,6-0,Clemson,10/30/1997,2,,Kansas City Chiefs / 5th / 181st pick / 2021,2024,1,kan
34.0,Deneric Prince,24.0,RB,,,216,,"Texas A&M,Tulsa",4/11/2000,1,,,2024,1,kan
85.0,Gerrit Prince,27.0,TE,,,240,6-5,UAB,8/25/1997,Rook,,,2024,1,kan
9.0,Louis Rees-Zammit,23.0,RB,,,209,6-2,,2/2/2001,Rook,,,2024,1,kan
81.0,Nikko Remigio,25.0,WR,,,187,,"California,Fresno St.",11/4/1999,Rook,,,2024,1,kan
4.0,Rashee Rice,24.0,WR,,,203,,SMU,4/22/2000,1,,Kansas City Chiefs / 2nd / 55th pick / 2023,2024,1,kan
8.0,Justyn Ross,25.0,WR,,,210,,Clemson,12/15/1999,1,,,2024,1,kan
,Spencer Sanders,25.0,QB,,,210,,"Oklahoma St.,Mississippi",12/15/1999,Rook,,,2024,1,kan
,Mathieu Severance,,RB,,,191,5-8,Bentley,,Rook,,,2024,1,kan
82.0,Irv Smith Jr.,26.0,TE,,,240,6-2,Alabama,8/9/1998,5,,Minnesota Vikings / 2nd / 50th pick / 2019,2024,1,kan
42.0,Carson Steele,22.0,RB,,,225,,"Ball St.,UCLA",10/21/2002,Rook,,,2024,1,kan
19.0,Kadarius Toney,25.0,WR,,,193,6-0,Florida,1/27/1999,3,,New York Giants / 1st / 20th pick / 2021,2024,1,kan
80.0,Montrell Washington,25.0,WR,,,170,5-10,Samford,3/14/1999,2,,Denver Broncos / 5th / 162nd pick / 2022,2024,1,kan
84.0,Justin Watson,29.0,WR,,,215,6-2,Pennsylvania,4/4/1995,6,,Tampa Bay Buccaneers / 5th / 144th pick / 2018,2024,1,kan
11.0,Carson Wentz,32.0,QB,,,237,6-5,North Dakota St.,12/30/1992,8,,Philadelphia Eagles / 1st / 2nd pick / 2016,2024,1,kan
12.0,Jared Wiley,24.0,TE,,,249,,"Texas,TCU",11/2/2000,Rook,,Kansas City Chiefs / 4th / 131st pick / 2024,2024,1,kan
1.0,Xavier Worthy,21.0,WR,,,165,,Texas,4/27/2003,Rook,,Kansas City Chiefs / 1st / 28th pick / 2024,2024,1,kan
8.0,Ameer Abdullah,31.0,RB,,,203,5-9,Nebraska,6/13/1993,9,,Detroit Lions / 2nd / 54th pick / 2015,2024,1,rai
17.0,Davante Adams,32.0,WR,,,215,6-1,Fresno St.,12/24/1992,10,,Green Bay Packers / 2nd / 53rd pick / 2014,2024,1,rai
33.0,Alex Bachman,28.0,WR,,,190,6-0,Wake Forest,5/29/1996,4,,,2024,1,rai
89.0,Brock Bowers,22.0,TE,,,243,,Georgia,12/13/2002,Rook,,Las Vegas Raiders / 1st / 13th pick / 2024,2024,1,rai
14.0,Carter Bradley,24.0,QB,,,216,,"Toledo,South Alabama",3/9/2000,Rook,,,2024,1,rai
13.0,Anthony Brown,26.0,QB,,,228,6-1,"Boston Col.,Oregon",7/27/1998,2,,,2024,1,rai
38.0,Brittain Brown,27.0,RB,,,205,6-1,"Duke,UCLA",10/10/1997,2,,Las Vegas Raiders / 7th / 250th pick / 2022,2024,1,rai
84.0,Harrison Bryant,26.0,TE,,,230,6-5,Florida Atlantic,4/23/1998,4,,Cleveland Browns / 4th / 115th pick / 2020,2024,1,rai
80.0,Jeff Foreman,25.0,WR,,,186,6-0,Arkansas State,12/26/1999,Rook,,,2024,1,rai
85.0,Cole Fotheringham,27.0,TE,,,243,6-4,Utah,10/11/1997,1,,,2024,1,rai
10.0,Michael Gallup,28.0,WR,,,198,6-1,Colorado St.,3/4/1996,6,,Dallas Cowboys / 3rd / 81st pick / 2018,2024,1,rai
88.0,Zach Gentry,28.0,TE,,,265,6-8,Michigan,9/10/1996,5,,Pittsburgh Steelers / 5th / 141st pick / 2019,2024,1,rai
81.0,Lideatrick Griffin,23.0,WR,,,180,,Mississippi St.,1/23/2001,Rook,,,2024,1,rai
4.0,Jalen Guyton,27.0,WR,,,212,6-1,North Texas,6/7/1997,5,,,2024,1,rai
82.0,Ramel Keyton,24.0,WR,,,197,6-3,Tennessee,9/14/2000,Rook,,,2024,1,rai
23.0,Dylan Laube,25.0,RB,,,206,,New Hampshire,12/14/1999,Rook,,Las Vegas Raiders / 6th / 208th pick / 2024,2024,1,rai
22.0,Alexander Mattison,26.0,RB,,,215,5-11,Boise St.,6/19/1998,5,,Minnesota Vikings / 3rd / 102nd pick / 2019,2024,1,rai
87.0,Michael Mayer,23.0,TE,,,265,,Notre Dame,7/6/2001,1,,Las Vegas Raiders / 2nd / 35th pick / 2023,2024,1,rai
32.0,Tyreik McAllister,26.0,RB,,,180,5-11,Charleston,4/7/1998,Rook,,,2024,1,rai
28.0,Sincere McCormick,24.0,RB,,,205,,Texas-San Antonio,9/10/2000,Rook,,,2024,1,rai
16.0,Jakobi Meyers,28.0,WR,,,200,6-2,North Carolina St.,11/9/1996,5,,,2024,1,rai
15.0,Gardner Minshew II,28.0,QB,,,225,6-1,"Northwest Mississippi CC,East Carolina,Washington St.",5/16/1996,5,,Jacksonville Jaguars / 6th / 178th pick / 2019,2024,1,rai
12.0,Aidan O\'Connell,26.0,QB,,,210,,Purdue,9/1/1998,1,,Las Vegas Raiders / 4th / 135th pick / 2023,2024,1,rai
86.0,John Samuel Shenker,26.0,TE,,,242,6-3,Auburn,9/2/1998,Rook,,,2024,1,rai
11.0,Tre Tucker,23.0,WR,,,185,,Cincinnati,3/8/2001,1,,Las Vegas Raiders / 3rd / 100th pick / 2023,2024,1,rai
19.0,DJ Turner,27.0,WR,,,206,5-9,"Maryland,Pittsburgh",1/18/1997,2,,,2024,1,rai
32.0,Austin Walter,28.0,RB,,,202,5-8,Rice,8/17/1996,5,,,2024,1,rai
3.0,Zamir White,25.0,RB,,,215,6-0,Georgia,9/18/1999,2,,Las Vegas Raiders / 4th / 122nd pick / 2022,2024,1,rai
83.0,Kristian Wilkerson,27.0,WR,,,201,6-1,SE Missouri St.,1/10/1997,4,,,2024,1,rai
16.0,Casey Bauman,24.0,QB,,,238.0,6-6,Augustana,5/18/2000,Rook,,,2024,1,sdg
41.0,Luke Benson,23.0,TE,,,233.0,6-4,Georgia Tech,4/26/2001,Rook,,,2024,1,sdg
9.0,DJ Chark,28.0,WR,,,200.0,6-3,LSU,9/23/1996,6,,Jacksonville Jaguars / 2nd / 61st pick / 2018,2024,1,sdg
12.0,Derius Davis,24.0,WR,,,165.0,,TCU,9/11/2000,1,,Los Angeles Chargers / 4th / 125th pick / 2023,2024,1,sdg
81.0,Will Dissly,28.0,TE,,,265.0,6-4,Washington,7/8/1996,6,,Seattle Seahawks / 4th / 120th pick / 2018,2024,1,sdg
27.0,J.K. Dobbins,26.0,RB,,,215.0,5-10,Ohio St.,12/17/1998,4,,Baltimore Ravens / 2nd / 55th pick / 2020,2024,1,sdg
42.0,Elijah Dotson,25.0,RB,,,202.0,5-9,"Sacramento St.,Northern Colorado",1/19/1999,1,,,2024,1,sdg
8.0,Max Duggan,23.0,QB,,,207.0,6-1,TCU,3/12/2001,Rook,,Los Angeles Chargers / 7th / 239th pick / 2023,2024,1,sdg
4.0,Gus Edwards,29.0,RB,,,238.0,6-1,"Miami (FL),Rutgers",4/13/1995,6,,,2024,1,sdg
87.0,Simi Fehoko,27.0,WR,,,218.0,6-4,Stanford,11/5/1997,3,,Dallas Cowboys / 5th / 179th pick / 2021,2024,1,sdg
40.0,Jaelen Gill,25.0,WR,,,185.0,6-0,Fresno State,11/17/1999,Rook,,,2024,1,sdg
49.0,Zach Heins,24.0,TE,,,260.0,6-7,South Dakota State,4/21/2000,Rook,,,2024,1,sdg
10.0,Justin Herbert,26.0,QB,,,236.0,6-6,Oregon,3/10/1998,4,,Los Angeles Chargers / 1st / 6th pick / 2020,2024,1,sdg
88.0,Hayden Hurst,31.0,TE,,,245.0,6-4,South Carolina,8/24/1993,6,,Baltimore Ravens / 1st / 25th pick / 2018,2024,1,sdg
86.0,Cornelius Johnson,24.0,WR,,,212.0,,Michigan,11/29/2000,Rook,,Los Angeles Chargers / 7th / 253rd pick / 2024,2024,1,sdg
39.0,Jaylen Johnson,24.0,WR,,,194.0,6-2,East Carolina,5/26/2000,Rook,,,2024,1,sdg
35.0,Leon Johnson,23.0,WR,,,215.0,6-5,Oklahoma State,6/12/2001,Rook,,,2024,1,sdg
1.0,Quentin Johnston,23.0,WR,,,215.0,,TCU,9/6/2001,1,,Los Angeles Chargers / 1st / 21st pick / 2023,2024,1,sdg
44.0,Ben Mason,25.0,RB,,,254.0,6-3,Michigan,5/25/1999,1,,Baltimore Ravens / 5th / 184th pick / 2021,2024,1,sdg
15.0,Ladd McConkey,23.0,WR,,,186.0,,Georgia,11/1/2001,Rook,,Los Angeles Chargers / 2nd / 34th pick / 2024,2024,1,sdg
46.0,Praise Olatoke,24.0,WR,,,197.0,6-2,Ohio State,6/23/2000,Rook,,,2024,1,sdg
5.0,Josh Palmer,25.0,WR,,,210.0,6-1,Tennessee,9/22/1999,3,,Los Angeles Chargers / 3rd / 77th pick / 2021,2024,1,sdg
89.0,Donald Parham,27.0,TE,,,237.0,6-8,Stetson,8/16/1997,4,,,2024,1,sdg
34.0,Jaret Patterson,25.0,RB,,,195.0,5-8,Buffalo,12/23/1999,3,,,2024,1,sdg
82.0,Brenden Rice,22.0,WR,,,208.0,,"Colorado,USC",3/18/2002,Rook,,Los Angeles Chargers / 7th / 225th pick / 2024,2024,1,sdg
84.0,Stone Smartt,26.0,TE,,,226.0,6-4,"Northern Arizona,Riverside CC,Old Dominion",10/4/1998,2,,,2024,1,sdg
28.0,Isaiah Spiller,23.0,RB,,,215.0,6-1,Texas A&M,8/9/2001,2,,Los Angeles Chargers / 4th / 123rd pick / 2022,2024,1,sdg
2.0,Easton Stick,29.0,QB,,,224.0,6-1,North Dakota St.,9/15/1995,4,,Los Angeles Chargers / 5th / 166th pick / 2019,2024,1,sdg
30.0,Kimani Vidal,23.0,RB,,,213.0,,Troy,8/28/2001,Rook,,Los Angeles Chargers / 6th / 181st pick / 2024,2024,1,sdg
87.0,Davis Allen,23.0,TE,,,245,,Clemson,2/3/2001,1,,Los Angeles Rams / 5th / 175th pick / 2023,2024,1,ram
5.0,Tutu Atwell,25.0,WR,,,165,5-9,Louisville,10/7/1999,3,,Los Angeles Rams / 2nd / 57th pick / 2021,2024,1,ram
13.0,Stetson Bennett,27.0,QB,,,190,,"Jones County JC,Georgia",10/28/1997,Rook,,Los Angeles Rams / 4th / 128th pick / 2023,2024,1,ram
22.0,Blake Corum,24.0,RB,,,205,,Michigan,11/25/2000,Rook,,Los Angeles Rams / 3rd / 83rd pick / 2024,2024,1,ram
90.0,Tyler Davis,27.0,TE,,,252,6-4,"Connecticut,Georgia Tech",4/2/1997,4,,Jacksonville Jaguars / 6th / 206th pick / 2020,2024,1,ram
21.0,Zach Evans,23.0,RB,,,202,5-11,"TCU,Mississippi",5/30/2001,1,,Los Angeles Rams / 6th / 215th pick / 2023,2024,1,ram
82.0,Miller Forristall,26.0,TE,,,245,6-5,Alabama,3/11/1998,3,,,2024,1,ram
11.0,Jimmy Garoppolo,33.0,QB,,,225,6-2,Eastern Illinois,11/2/1991,10,,New England Patriots / 2nd / 62nd pick / 2014,2024,1,ram
89.0,Tyler Higbee,31.0,TE,,,255,6-6,Western Kentucky,1/1/1993,8,,Los Angeles Rams / 4th / 110th pick / 2016,2024,1,ram
45.0,Neal Johnson,23.0,TE,,,260,6-4,Louisiana,8/3/2001,Rook,,,2024,1,ram
18.0,Tyler Johnson,26.0,WR,,,205,6-1,Minnesota,8/25/1998,4,,Tampa Bay Buccaneers / 5th / 161st pick / 2020,2024,1,ram
83.0,Nikola Kalinic,27.0,TE,,,245,6-4,York,1/21/1997,2,,,2024,1,ram
10.0,Cooper Kupp,31.0,WR,,,208,6-2,Eastern Washington,6/15/1993,7,,Los Angeles Rams / 3rd / 69th pick / 2017,2024,1,ram
81.0,JJ Laap,,WR,,,177,6-1,SUNY-Cortland,,Rook,,,2024,1,ram
84.0,Hunter Long,26.0,TE,,,253,6-5,Boston Col.,8/19/1998,3,,Miami Dolphins / 3rd / 81st pick / 2021,2024,1,ram
17.0,Puka Nacua,23.0,WR,,,205,6-2,"Washington,BYU",5/29/2001,1,,Los Angeles Rams / 5th / 177th pick / 2023,2024,1,ram
86.0,Colby Parkinson,25.0,TE,,,251,6-7,Stanford,1/8/1999,4,,Seattle Seahawks / 4th / 133rd pick / 2020,2024,1,ram
20.0,Ronnie Rivers,25.0,RB,,,195,,Fresno St.,1/31/1999,2,,,2024,1,ram
15.0,Demarcus Robinson,30.0,WR,,,203,6-1,Florida,9/21/1994,8,,Kansas City Chiefs / 4th / 126th pick / 2016,2024,1,ram
30.0,Boston Scott,29.0,RB,,,203,5-6,Louisiana Tech,4/27/1995,6,,New Orleans Saints / 6th / 201st pick / 2018,2024,1,ram
19.0,Xavier Smith,27.0,WR,,,174,5-9,Florida A&M,9/21/1997,Rook,,,2024,1,ram
9.0,Matthew Stafford,36.0,QB,,,220,6-3,Georgia,2/7/1988,15,,Detroit Lions / 1st / 1st pick / 2009,2024,1,ram
6.0,Drake Stoops,25.0,WR,,,189,,Oklahoma,6/16/1999,Rook,,,2024,1,ram
88.0,Jordan Whittington,24.0,WR,,,205,,Texas,10/1/2000,Rook,,Los Angeles Rams / 6th / 213th pick / 2024,2024,1,ram
3.0,Sam Wiglusz,25.0,WR,,,187,6-0,Ohio,7/24/1999,Rook,,,2024,1,ram
23.0,Kyren Williams,24.0,RB,,,194,5-9,Notre Dame,8/26/2000,2,,Los Angeles Rams / 5th / 164th pick / 2022,2024,1,ram
4.0,Dresser Winn,26.0,QB,,,215,6-2,Tennessee-Martin,11/11/1998,Rook,,,2024,1,ram
28.0,De\'Von Achane,23.0,RB,,,188,,Texas A&M,10/13/2001,1,,Miami Dolphins / 3rd / 84th pick / 2023,2024,1,mia
26.0,Salvon Ahmed,26.0,RB,,,197,5-11,Washington,12/30/1998,4,,,2024,1,mia
3.0,Odell Beckham Jr.,32.0,WR,,,200,5-11,LSU,11/5/1992,10,,New York Giants / 1st / 12th pick / 2014,2024,1,mia
,Braxton Berrios,29.0,WR,,,185,5-9,Miami (FL),10/6/1995,5,,New England Patriots / 6th / 210th pick / 2018,2024,1,mia
88.0,Nick Bowers,28.0,TE,,,260,6-4,Penn St.,5/26/1996,3,,,2024,1,mia
35.0,Chris Brooks,24.0,RB,,,223,6-1,"California,BYU",1/11/2000,1,,,2024,1,mia
42.0,Je\'Quan Burton,,WR,,,187,,"Southern Illinois,Florida Atlantic",,Rook,,,2024,1,mia
80.0,Tanner Conner,26.0,TE,,,232,6-3,Idaho St.,3/20/1998,2,,,2024,1,mia
85.0,River Cracraft,30.0,WR,,,198,6-0,Washington St.,11/1/1994,6,,,2024,1,mia
,Samson Evans,,RB,,,217,6-0,Eastern Michigan,,Rook,,,2024,1,mia
18.0,Erik Ezukanma,24.0,WR,,,206,6-2,Texas Tech,1/25/2000,2,,Miami Dolphins / 4th / 125th pick / 2022,2024,1,mia
88.0,Jody Fortson,29.0,TE,,,226,6-4,Valdosta St.,12/7/1995,3,,,2024,1,mia
16.0,Gavin Hardison,24.0,QB,,,215,,"New Mex. Mil. Inst.,Texas-El Paso",5/15/2000,Rook,,,2024,1,mia
89.0,Julian Hill,24.0,TE,,,251,6-4,Campbell,7/9/2000,1,,,2024,1,mia
10.0,Tyreek Hill,30.0,WR,,,191,5-10,"Garden City (KS),Oklahoma St.,West Alabama",3/1/1994,8,,Kansas City Chiefs / 5th / 165th pick / 2016,2024,1,mia
30.0,Alec Ingold,28.0,RB,,,232,6-1,Wisconsin,7/9/1996,5,,,2024,1,mia
31.0,Raheem Mostert,32.0,RB,,,205,5-10,Purdue,4/9/1992,9,,,2024,1,mia
49.0,Hayden Rucci,23.0,TE,,,247,6-5,Wisconsin,1/27/2001,Rook,,,2024,1,mia
86.0,Braylon Sanders,25.0,WR,,,190,6-1,Mississippi,1/21/1999,2,,,2024,1,mia
84.0,Anthony Schwartz,24.0,WR,,,186,6-0,Auburn,9/5/2000,3,,Cleveland Browns / 3rd / 91st pick / 2021,2024,1,mia
87.0,Mathew Sexton,27.0,WR,,,176,5-10,Eastern Michigan,10/17/1997,Rook,,,2024,1,mia
9.0,Jonnu Smith,29.0,TE,,,248,6-3,Florida International,8/22/1995,7,,Tennessee Titans / 3rd / 100th pick / 2017,2024,1,mia
81.0,Durham Smythe,29.0,TE,,,246,6-6,Notre Dame,8/9/1995,6,,Miami Dolphins / 4th / 123rd pick / 2018,2024,1,mia
1.0,Tua Tagovailoa,26.0,QB,,,227,6-1,Alabama,3/2/1998,4,,Miami Dolphins / 1st / 5th pick / 2020,2024,1,mia
19.0,Skylar Thompson,27.0,QB,,,219,6-2,Kansas St.,6/4/1997,2,,Miami Dolphins / 7th / 247th pick / 2022,2024,1,mia
17.0,Jaylen Waddle,26.0,WR,,,185,5-10,Alabama,11/25/1998,3,,Miami Dolphins / 1st / 6th pick / 2021,2024,1,mia
83.0,Malik Washington,23.0,WR,,,191,,"Northwestern,Virginia",1/4/2001,Rook,,Miami Dolphins / 6th / 184th pick / 2024,2024,1,mia
82.0,Tahj Washington,23.0,WR,,,175,5-10,"Memphis,USC",5/16/2001,Rook,,Miami Dolphins / 7th / 241st pick / 2024,2024,1,mia
,La\'Damian Webb,,RB,,,210,5-7,South Alabama,,Rook,,,2024,1,mia
14.0,Mike White,29.0,QB,,,216,6-5,"South Florida,Western Kentucky",3/25/1995,3,,Dallas Cowboys / 5th / 171st pick / 2018,2024,1,mia
23.0,Jeff Wilson,29.0,RB,,,210,6-0,North Texas,11/16/1995,6,,,2024,1,mia
25.0,Jaylen Wright,21.0,RB,,,210,,Tennessee,4/1/2003,Rook,,Miami Dolphins / 4th / 120th pick / 2024,2024,1,mia
3.0,Jordan Addison,22.0,WR,,,175,,"Pittsburgh,USC",1/27/2002,1,,Minnesota Vikings / 1st / 23rd pick / 2023,2024,1,min
31.0,Cam Akers,25.0,RB,,,217,5-10,Florida St.,6/22/1999,4,,Los Angeles Rams / 2nd / 52nd pick / 2020,2024,1,min
32.0,Ty Chandler,26.0,RB,,,204,5-11,"Tennessee,North Carolina",5/12/1998,2,,Minnesota Vikings / 5th / 169th pick / 2022,2024,1,min
14.0,Sam Darnold,27.0,QB,,,225,6-3,USC,6/5/1997,6,,New York Jets / 1st / 3rd pick / 2018,2024,1,min
37.0,Myles Gaskin,27.0,RB,,,199,5-10,Washington,2/15/1997,5,,Miami Dolphins / 7th / 234th pick / 2019,2024,1,min
16.0,Jaren Hall,26.0,QB,,,207,6-0,BYU,3/24/1998,1,,Minnesota Vikings / 5th / 164th pick / 2023,2024,1,min
30.0,C.J. Ham,31.0,RB,,,250,5-11,Augustana (SD),7/22/1993,7,,,2024,1,min
13.0,N\'Keal Harry,27.0,WR,,,225,6-4,Arizona St.,12/17/1997,5,,New England Patriots / 1st / 32nd pick / 2019,2024,1,min
87.0,T.J. Hockenson,27.0,TE,,,248,6-5,Iowa,7/3/1997,5,,Detroit Lions / 1st / 8th pick / 2019,2024,1,min
81.0,Lucky Jackson,33.0,WR,,,186,6-0,Western Kentucky,7/17/1991,1,,,2024,1,min
8.0,Trishton Jackson,26.0,WR,,,191,6-1,"Michigan St.,Syracuse",3/9/1998,1,,,2024,1,min
40.0,Ty James,23.0,WR,,,200,6-2,Mercer,4/6/2001,Rook,,,2024,1,min
18.0,Justin Jefferson,25.0,WR,,,195,6-1,LSU,6/16/1999,4,,Minnesota Vikings / 1st / 22nd pick / 2020,2024,1,min
33.0,Aaron Jones,30.0,RB,,,208,5-9,Texas-El Paso,12/2/1994,7,,Green Bay Packers / 5th / 182nd pick / 2017,2024,1,min
82.0,Jeshaun Jones,25.0,WR,,,188,6-1,Maryland,12/22/1999,Rook,,,2024,1,min
19.0,Malik Knowles,24.0,WR,,,196,6-2,Kansas St.,8/17/2000,Rook,,,2024,1,min
41.0,Trey Knox,,TE,,,240,,"Arkansas,South Carolina",,Rook,,,2024,1,min
27.0,DeWayne McBride,23.0,RB,,,209,5-10,Ala-Birmingham,7/8/2001,Rook,,Minnesota Vikings / 7th / 222nd pick / 2023,2024,1,min
12.0,Nick Mullens,29.0,QB,,,210,6-0,Southern Miss,3/21/1995,6,,,2024,1,min
86.0,Johnny Mundt,30.0,TE,,,233,6-4,Oregon,11/23/1994,7,,,2024,1,min
34.0,Nick Muse,26.0,TE,,,252,6-5,"William & Mary,South Carolina",11/25/1998,2,,Minnesota Vikings / 7th / 227th pick / 2022,2024,1,min
83.0,Jalen Nailor,25.0,WR,,,190,6-0,Michigan St.,3/2/1999,2,,Minnesota Vikings / 6th / 191st pick / 2022,2024,1,min
26.0,Kene Nwangwu,26.0,RB,,,210,6-1,Iowa St.,2/9/1998,3,,Minnesota Vikings / 4th / 119th pick / 2021,2024,1,min
84.0,Josh Oliver,27.0,TE,,,259,6-5,San Jose St.,3/21/1997,5,,Jacksonville Jaguars / 3rd / 69th pick / 2019,2024,1,min
4.0,Brandon Powell,29.0,WR,,,181,5-8,Florida,9/12/1995,6,,,2024,1,min
11.0,Trent Sherfield,28.0,WR,,,205,6-1,Vanderbilt,2/25/1996,6,,,2024,1,min
89.0,Thayer Thomas,26.0,WR,,,195,6-0,North Carolina State,5/20/1998,Rook,,,2024,1,min
85.0,Robert Tonyan,30.0,TE,,,240,6-5,Indiana St.,4/30/1994,6,,,2024,1,min
48.0,Sammis Reyes (IR),29.0,TE,,,260,6-5,"Tulane,Loyola (LA)",10/19/1995,3,,,2024,1,min
6.0,Javon Baker,22.0,WR,,,202,,"Alabama,Central Florida",2/18/2002,Rook,,New England Patriots / 4th / 110th pick / 2024,2024,1,nwe
86.0,Kawaan Baker,26.0,WR,,,215,6-1,South Alabama,8/24/1998,3,,New Orleans Saints / 7th / 255th pick / 2021,2024,1,nwe
88.0,Jaheim Bell,23.0,TE,,,241,,"South Carolina,Florida St.",6/14/2001,Rook,,New England Patriots / 7th / 231st pick / 2024,2024,1,nwe
84.0,Kendrick Bourne,29.0,WR,,,205,6-1,Eastern Washington,8/4/1995,7,,,2024,1,nwe
80.0,Kayshon Boutte,22.0,WR,,,197,,LSU,5/7/2002,1,,New England Patriots / 6th / 187th pick / 2023,2024,1,nwe
14.0,Jacoby Brissett,32.0,QB,,,235,6-4,"Florida,North Carolina St.",12/11/1992,8,,New England Patriots / 3rd / 91st pick / 2016,2024,1,nwe
,Beau Corrales,,WR,,,215,6-4,Texas State,,Rook,,,2024,1,nwe
35.0,Deshaun Fenwick,25.0,RB,,,223,6-1,Oregon State,12/31/1999,Rook,,,2024,1,nwe
3.0,Demario Douglas,24.0,WR,,,192,,Liberty,12/8/2000,1,,New England Patriots / 6th / 210th pick / 2023,2024,1,nwe
21.0,Antonio Gibson,26.0,RB,,,220,6-2,Memphis,6/23/1998,4,,Washington Football Team / 3rd / 66th pick / 2020,2024,1,nwe
36.0,Kevin Harris,24.0,RB,,,225,5-10,South Carolina,11/17/2000,2,,New England Patriots / 6th / 183rd pick / 2022,2024,1,nwe
39.0,Jamycal Hasty,28.0,RB,,,205,5-8,Baylor,9/12/1996,4,,,2024,1,nwe
85.0,Hunter Henry,30.0,TE,,,258,6-5,Arkansas,12/7/1994,8,,San Diego Chargers / 2nd / 35th pick / 2016,2024,1,nwe
81.0,Austin Hooper,30.0,TE,,,254,6-4,Stanford,10/29/1994,8,,Atlanta Falcons / 3rd / 81st pick / 2016,2024,1,nwe
82.0,JaQuae Jackson,24.0,WR,,,184,6-1,Rutgers,1/30/2000,Rook,,,2024,1,nwe
29.0,Terrell Jennings,23.0,RB,,,217,6-0,Florida A&M,3/1/2001,Rook,,,2024,1,nwe
10.0,Drake Maye,22.0,QB,,,230,,North Carolina,8/30/2002,Rook,,New England Patriots / 1st / 3rd pick / 2024,2024,1,nwe
19.0,Joe Milton,24.0,QB,,,235,,"Michigan,Tennessee",3/6/2000,Rook,,New England Patriots / 6th / 193rd pick / 2024,2024,1,nwe
82.0,Tre Nixon,26.0,WR,,,190,6-2,"Mississippi,Central Florida",1/26/1998,Rook,,New England Patriots / 7th / 242nd pick / 2021,2024,1,nwe
2.0,K.J. Osborn,27.0,WR,,,203,5-11,"Buffalo,Miami (FL)",6/10/1997,4,,Minnesota Vikings / 5th / 176th pick / 2020,2024,1,nwe
46.0,La\'Michael Pettway,27.0,TE,,,230,6-1,Iowa State,3/20/1997,Rook,,,2024,1,nwe
1.0,Ja\'Lynn Polk,22.0,WR,,,203,,"Texas Tech,Washington",4/11/2002,Rook,,New England Patriots / 2nd / 37th pick / 2024,2024,1,nwe
83.0,Jalen Reagor,25.0,WR,,,197,5-11,TCU,1/2/1999,4,,Philadelphia Eagles / 1st / 21st pick / 2020,2024,1,nwe
7.0,JuJu Smith-Schuster,28.0,WR,,,215,6-1,USC,11/22/1996,7,,Pittsburgh Steelers / 2nd / 62nd pick / 2017,2024,1,nwe
38.0,Rhamondre Stevenson,26.0,RB,,,227,6-0,"Cerritos (CA),Oklahoma",2/23/1998,3,,New England Patriots / 4th / 120th pick / 2021,2024,1,nwe
11.0,Tyquan Thornton,24.0,WR,,,185,6-2,Baylor,9/7/2000,2,,New England Patriots / 2nd / 50th pick / 2022,2024,1,nwe
30.0,David Wallis,,WR,,,184,6-0,Randolph-Macon,,Rook,,,2024,1,nwe
45.0,Jacob Warren,24.0,TE,,,251,6-6,Tennessee,4/13/2000,Rook,,,2024,1,nwe
87.0,Mitchell Wilcox,28.0,TE,,,250,6-4,South Florida,11/7/1996,3,,,2024,1,nwe
4.0,Bailey Zappe,25.0,QB,,,215,6-1,"Houston Christian,Western Kentucky",4/26/1999,2,,New England Patriots / 4th / 137th pick / 2022,2024,1,nwe
5.0,Lynn Bowden Jr.,27.0,WR,,,204,6-1,Kentucky,10/14/1997,4,,Las Vegas Raiders / 3rd / 80th pick / 2020,2024,1,nor
4.0,Derek Carr,33.0,QB,,,215,6-3,Fresno St.,3/28/1991,10,,Oakland Raiders / 2nd / 36th pick / 2014,2024,1,nor
3.0,Jake Haener,25.0,QB,,,200,,"Washington,Fresno St.",3/16/1999,Rook,,New Orleans Saints / 4th / 127th pick / 2023,2024,1,nor
7.0,Taysom Hill,34.0,QB,,,221,6-2,BYU,8/23/1990,7,,,2024,1,nor
85.0,Dallin Holker,24.0,TE,,,241,,"BYU,Colorado St.",4/7/2000,Rook,,,2024,1,nor
,Jesper Horsted,27.0,WR,,,237,6-3,Princeton,2/27/1997,5,,,2024,1,nor
40.0,Zander Horvath,26.0,RB,,,230,6-3,Purdue,12/10/1998,2,,Los Angeles Chargers / 7th / 260th pick / 2022,2024,1,nor
89.0,Tommy Hudson,27.0,TE,,,255,6-5,Arizona St.,2/22/1997,3,,,2024,1,nor
80.0,Jermaine Jackson,24.0,WR,,,170,5-7,Idaho,6/2/2000,Rook,,,2024,1,nor
86.0,Michael Jacobson,27.0,TE,,,244,6-7,Iowa St.,4/4/1997,Rook,,,2024,1,nor
83.0,Juwan Johnson,28.0,WR,,,231,6-4,"Oregon,Penn St.",9/13/1996,4,,,2024,1,nor
41.0,Alvin Kamara,29.0,RB,,,215,5-10,"Alabama,Hutchinson (KS),Tennessee",7/25/1995,7,,New Orleans Saints / 3rd / 67th pick / 2017,2024,1,nor
35.0,Jacob Kibodi,26.0,RB,,,225,6-1,Lafayette,10/4/1998,Rook,,,2024,1,nor
16.0,Bub Means,23.0,WR,,,212,,"Tennessee,Louisiana Tech,Pittsburgh",1/10/2001,Rook,,New Orleans Saints / 5th / 170th pick / 2024,2024,1,nor
25.0,Kendre Miller,22.0,RB,,,220,,TCU,6/11/2002,1,,New Orleans Saints / 3rd / 71st pick / 2023,2024,1,nor
33.0,Jordan Mims,25.0,RB,,,206,,Fresno St.,5/16/1999,1,,,2024,1,nor
87.0,Foster Moreau,27.0,TE,,,250,6-4,LSU,5/6/1997,5,,Oakland Raiders / 4th / 137th pick / 2019,2024,1,nor
14.0,Stanley Morgan Jr.,28.0,WR,,,205,6-0,Nebraska,9/7/1996,5,,,2024,1,nor
12.0,Chris Olave,24.0,WR,,,187,6-0,Ohio St.,6/27/2000,2,,New Orleans Saints / 1st / 11th pick / 2022,2024,1,nor
17.0,A.T. Perry,25.0,WR,,,205,,Wake Forest,10/26/1999,1,,New Orleans Saints / 6th / 195th pick / 2023,2024,1,nor
10.0,Nathan Peterman,30.0,QB,,,225,6-2,"Tennessee,Pittsburgh",5/4/1994,7,,Buffalo Bills / 5th / 171st pick / 2017,2024,1,nor
46.0,Adam Prentice,27.0,RB,,,245,6-0,South Carolina,1/16/1997,3,,,2024,1,nor
18.0,Spencer Rattler,24.0,QB,,,217,,"Oklahoma,South Carolina",9/28/2000,Rook,,New Orleans Saints / 5th / 150th pick / 2024,2024,1,nor
26.0,James Robinson,26.0,RB,,,219,5-9,"Butler (KS),Illinois St.",8/9/1998,4,,,2024,1,nor
22.0,Rashid Shaheed,26.0,WR,,,180,6-0,Weber St.,8/31/1998,2,,,2024,1,nor
13.0,Equanimeous St. Brown,28.0,WR,,,214,6-5,Notre Dame,9/30/1996,6,,Green Bay Packers / 6th / 207th pick / 2018,2024,1,nor
84.0,Mason Tipton,24.0,WR,,,187,5-11,Yale,9/27/2000,Rook,,,2024,1,nor
21.0,Jamaal Williams,29.0,RB,,,224,6-0,BYU,4/3/1995,7,,Green Bay Packers / 4th / 134th pick / 2017,2024,1,nor
11.0,Cedrick Wilson Jr.,29.0,WR,,,197,6-2,Boise St.,11/20/1995,5,,Dallas Cowboys / 6th / 208th pick / 2018,2024,1,nor
19.0,Ayir Asante,23.0,WR,,,178,6-0,Wyoming,2/27/2001,Rook,,,2024,1,nyg
,Chris Autman-Bell,,WR,,,205,6-1,Minnesota,,Rook,,,2024,1,nyg
82.0,Daniel Bellinger,24.0,TE,,,255,6-6,San Diego St.,9/22/2000,2,,New York Giants / 4th / 112th pick / 2022,2024,1,nyg
81.0,Miles Boykin,28.0,WR,,,220,6-4,Notre Dame,10/12/1996,5,,Baltimore Ravens / 3rd / 93rd pick / 2019,2024,1,nyg
83.0,Lawrence Cager,27.0,WR,,,220,6-5,Georgia,8/20/1997,4,,,2024,1,nyg
35.0,Jashaun Corbin,24.0,RB,,,203,5-11,"Texas A&M,Florida St.",8/20/2000,1,,,2024,1,nyg
5.0,Chase Cota,25.0,WR,,,205,6-4,Oregon,11/9/1999,Rook,,,2024,1,nyg
15.0,Tommy DeVito,26.0,QB,,,210,6-2,"Syracuse,Illinois",8/7/1998,1,,,2024,1,nyg
9.0,Jacob Eason,27.0,QB,,,231,6-6,"Georgia,Washington",11/17/1997,3,,Indianapolis Colts / 4th / 122nd pick / 2020,2024,1,nyg
6.0,Bryce Ford-Wheaton,24.0,WR,,,220,,West Virginia,3/9/2000,Rook,,,2024,1,nyg
20.0,Eric Gray,25.0,RB,,,211,,"Tennessee,Oklahoma",11/4/1999,1,,New York Giants / 5th / 172nd pick / 2023,2024,1,nyg
18.0,Isaiah Hodgins,26.0,WR,,,200,6-3,Oregon St.,10/21/1998,3,,Buffalo Bills / 6th / 207th pick / 2020,2024,1,nyg
88.0,Dennis Houston,25.0,WR,,,198,6-1,Western Illinois,4/24/1999,2,,,2024,1,nyg
13.0,Jalin Hyatt,23.0,WR,,,185,,Tennessee,9/25/2001,1,,New York Giants / 3rd / 73rd pick / 2023,2024,1,nyg
84.0,Tyree Jackson,27.0,TE,,,249,6-7,Buffalo,11/7/1997,3,,,2024,1,nyg
,John Jiles,24.0,WR,,,205,,"Fort Scott (KS),Virginia Union,West Florida",7/8/2000,Rook,,,2024,1,nyg
47.0,Theo Johnson,23.0,TE,,,259,,Penn St.,2/26/2001,Rook,,New York Giants / 4th / 107th pick / 2024,2024,1,nyg
8.0,Daniel Jones,27.0,QB,,,230,6-5,Duke,5/27/1997,5,,New York Giants / 1st / 6th pick / 2019,2024,1,nyg
2.0,Drew Lock,28.0,QB,,,228,6-4,Missouri,11/10/1996,5,,Denver Broncos / 2nd / 42nd pick / 2019,2024,1,nyg
85.0,Chris Manhertz,32.0,TE,,,235,6-6,Canisius,4/10/1992,8,,,2024,1,nyg
,Jjay Mcafee,,TE,,,240,6-3,Georgia Southern,,Rook,,,2024,1,nyg
87.0,Isaiah McKenzie,29.0,WR,,,173,5-8,Georgia,4/9/1995,7,,Denver Broncos / 5th / 172nd pick / 2017,2024,1,nyg
25.0,Dante Miller,25.0,RB,,,200,5-9,South Carolina,5/14/1999,Rook,,,2024,1,nyg
9.0,Malik Nabers,21.0,WR,,,200,,LSU,7/28/2003,Rook,,New York Giants / 1st / 6th pick / 2024,2024,1,nyg
80.0,Gunner Olszewski,28.0,WR,,,190,6-0,Bemidji St.,11/26/1996,5,,,2024,1,nyg
,Treyton Pickering,,TE,,,246,6-4,Montana State,,Rook,,,2024,1,nyg
,Geordon Porter,,WR,,,195,6-0,UConn,,Rook,,,2024,1,nyg
15.0,Allen Robinson,31.0,WR,,,220,6-2,Penn St.,8/24/1993,10,,Jacksonville Jaguars / 2nd / 61st pick / 2014,2024,1,nyg
17.0,Wan\'Dale Robinson,23.0,WR,,,185,5-8,"Nebraska,Kentucky",1/5/2001,2,,New York Giants / 2nd / 43rd pick / 2022,2024,1,nyg
3.0,Nathan Rourke,26.0,QB,,,210,6-1,Ohio,5/24/1998,Rook,,,2024,1,nyg
,Jacob Saylors,23.0,RB,,,199,5-10,East Tennessee State,3/8/2001,Rook,,,2024,1,nyg
26.0,Devin Singletary,27.0,RB,,,203,5-7,Florida Atlantic,9/3/1997,5,,Buffalo Bills / 3rd / 74th pick / 2019,2024,1,nyg
86.0,Darius Slayton,27.0,WR,,,198,6-1,Auburn,1/12/1997,5,,New York Giants / 5th / 171st pick / 2019,2024,1,nyg
89.0,Jack Stoll,26.0,TE,,,247,6-4,Nebraska,1/28/1998,3,,,2024,1,nyg
,William Thompson,,QB,,,197,6-1,Wabash,,Rook,,,2024,1,nyg
29.0,Tyrone Tracy,25.0,RB,,,209,,"Iowa,Purdue",11/23/1999,Rook,,New York Giants / 5th / 166th pick / 2024,2024,1,nyg
25.0,Israel Abanikanda,22.0,RB,,,215,,Pittsburgh,10/5/2002,1,,New York Jets / 5th / 143rd pick / 2023,2024,1,nyj
,Braelon Allen,20.0,RB,,,235,,Wisconsin,1/20/2004,Rook,,New York Jets / 4th / 134th pick / 2024,2024,1,nyj
48.0,Nick Bawden,28.0,RB,,,245,6-2,San Diego St.,6/22/1996,5,,Detroit Lions / 7th / 237th pick / 2018,2024,1,nyj
16.0,Jason Brownlee,25.0,WR,,,198,6-2,"East Mississippi CC,Southern Miss",1/30/1999,1,,,2024,1,nyj
19.0,Irvin Charles,27.0,WR,,,219,6-4,"Penn St.,Indiana (PA)",4/13/1997,1,,,2024,1,nyj
31.0,Tarik Cohen,29.0,RB,,,181,5-6,North Carolina A&T,7/26/1995,7,,Chicago Bears / 4th / 119th pick / 2017,2024,1,nyj
83.0,Tyler Conklin,29.0,TE,,,254,6-3,Central Michigan,7/30/1995,6,,Minnesota Vikings / 5th / 157th pick / 2018,2024,1,nyj
32.0,Isaiah Davis,22.0,RB,,,218,,South Dakota St.,2/21/2002,Rook,,New York Jets / 5th / 173rd pick / 2024,2024,1,nyj
34.0,Hamze El-Zayat,25.0,WR,,,162,5-8,Eastern Michigan,10/19/1999,Rook,,,2024,1,nyj
46.0,Kevin Foelsch,23.0,TE,,,250,6-4,New Haven,4/13/2001,Rook,,,2024,1,nyj
82.0,Xavier Gipson,23.0,WR,,,189,,S.F. Austin,3/8/2001,1,,,2024,1,nyj
20.0,Breece Hall,23.0,RB,,,220,6-1,Iowa St.,5/31/2001,2,,New York Jets / 2nd / 36th pick / 2022,2024,1,nyj
84.0,Tyler Harrell,24.0,WR,,,200,6-0,Miami (FL),8/1/2000,Rook,,,2024,1,nyj
81.0,Zack Kuntz,25.0,TE,,,251,,"Penn St.,Old Dominion",6/6/1999,1,,New York Jets / 7th / 220th pick / 2023,2024,1,nyj
10.0,Allen Lazard,29.0,WR,,,227,6-5,Iowa St.,12/11/1995,6,,,2024,1,nyj
85.0,Lance McCutcheon,25.0,WR,,,202,6-3,Montana St.,2/28/1999,2,,,2024,1,nyj
14.0,Andrew Peasley,24.0,QB,,,218,6-2,Wyoming,1/6/2000,Rook,,,2024,1,nyj
87.0,Marcus Riley,25.0,WR,,,175,5-11,Florida A&M,5/9/1999,Rook,,,2024,1,nyj
8.0,Aaron Rodgers,41.0,QB,,,223,6-2,"Butte JC (CA),California",12/2/1983,19,,Green Bay Packers / 1st / 24th pick / 2005,2024,1,nyj
89.0,Jeremy Ruckert,24.0,TE,,,250,6-5,Ohio St.,8/11/2000,2,,New York Jets / 3rd / 101st pick / 2022,2024,1,nyj
47.0,Lincoln Sefcik,25.0,TE,,,238,6-3,South Alabama,7/14/1999,Rook,,,2024,1,nyj
96.0,Leonard Taylor,25.0,TE,,,260,6-5,Cincinnati,8/26/1999,Rook,,,2024,1,nyj
86.0,Malik Taylor,29.0,WR,,,220,6-3,Ferris St.,12/21/1995,4,,,2024,1,nyj
2.0,Tyrod Taylor,35.0,QB,,,217,6-1,Virginia Tech,8/3/1989,13,,Baltimore Ravens / 6th / 180th pick / 2011,2024,1,nyj
3.0,Jordan Travis,24.0,QB,,,212,,"Louisville,Florida St.",5/2/2000,Rook,,New York Jets / 5th / 171st pick / 2024,2024,1,nyj
35.0,Xazavian Valladay,26.0,RB,,,198,,"Wyoming,Arizona St.",7/3/1998,1,,,2024,1,nyj
18.0,Mike Williams,30.0,WR,,,218,6-4,Clemson,10/4/1994,7,,Los Angeles Chargers / 1st / 7th pick / 2017,2024,1,nyj
5.0,Garrett Wilson,24.0,WR,,,192,6-0,Ohio St.,7/22/2000,2,,New York Jets / 1st / 10th pick / 2022,2024,1,nyj
88.0,Kenny Yeboah,26.0,TE,,,250,6-3,"Temple,Mississippi",10/30/1998,3,,,2024,1,nyj
82.0,Devon Allen,30.0,WR,,,190,6-1,Oregon,12/12/1994,1,,,2024,1,phi
26.0,Saquon Barkley,27.0,RB,,,232,6-0,Penn St.,2/9/1997,6,,New York Giants / 1st / 2nd pick / 2018,2024,1,phi
11.0,A.J. Brown,27.0,WR,,,226,6-1,Mississippi,6/30/1997,5,,Tennessee Titans / 2nd / 51st pick / 2019,2024,1,phi
81.0,Grant Calcaterra,26.0,TE,,,240,6-4,"Oklahoma,SMU",12/4/1998,2,,Philadelphia Eagles / 6th / 198th pick / 2022,2024,1,phi
80.0,Parris Campbell,27.0,WR,,,205,6-1,Ohio St.,7/16/1997,5,,Indianapolis Colts / 2nd / 59th pick / 2019,2024,1,phi
43.0,McCallan Castles,25.0,TE,,,252,,"California,UC Davis,Tennessee",12/3/1999,Rook,,,2024,1,phi
18.0,Britain Covey,27.0,WR,,,173,5-8,Utah,3/18/1997,2,,,2024,1,phi
47.0,Shaq Davis,24.0,WR,,,215,6-5,South Carolina State,2/8/2000,Rook,,,2024,1,phi
35.0,Tyrion Davis-Price,24.0,RB,,,219,6-1,LSU,10/23/2000,2,,San Francisco 49ers / 3rd / 93rd pick / 2022,2024,1,phi
14.0,Kenneth Gainwell,25.0,RB,,,200,5-9,Memphis,3/14/1999,3,,Philadelphia Eagles / 5th / 150th pick / 2021,2024,1,phi
88.0,Dallas Goedert,29.0,TE,,,256,6-5,South Dakota St.,1/3/1995,6,,Philadelphia Eagles / 2nd / 49th pick / 2018,2024,1,phi
13.0,Will Grier,29.0,QB,,,220,6-1,"Florida,West Virginia",4/3/1995,5,,Carolina Panthers / 3rd / 100th pick / 2019,2024,1,phi
46.0,Jacob Harris,27.0,WR,,,211,6-5,"Western Kentucky,Central Florida",4/16/1997,3,,Los Angeles Rams / 4th / 141st pick / 2021,2024,1,phi
1.0,Jalen Hurts,26.0,QB,,,223,6-1,"Alabama,Oklahoma",8/7/1998,4,,Philadelphia Eagles / 2nd / 53rd pick / 2020,2024,1,phi
84.0,E.J. Jenkins,26.0,TE,,,245,6-6,Georgia Tech,11/3/1998,Rook,,,2024,1,phi
,Talik Keaton,,WR,,,190,6-0,Marshall,,Rook,,,2024,1,phi
16.0,Tanner McKee,24.0,QB,,,231,,Stanford,4/27/2000,Rook,,Philadelphia Eagles / 6th / 188th pick / 2023,2024,1,phi
36.0,Kendall Milton,22.0,RB,,,225,,Georgia,2/10/2002,Rook,,,2024,1,phi
86.0,Joseph Ngata,23.0,WR,,,217,,Clemson,1/9/2001,Rook,,,2024,1,phi
38.0,Lew Nichols,23.0,RB,,,222,,Central Michigan,8/16/2001,Rook,,Green Bay Packers / 7th / 235th pick / 2023,2024,1,phi
85.0,Albert Okwuegbunam,26.0,TE,,,258,6-5,Missouri,4/25/1998,4,,Denver Broncos / 4th / 118th pick / 2020,2024,1,phi
7.0,Kenny Pickett,26.0,QB,,,220,6-3,Pittsburgh,6/6/1998,2,,Pittsburgh Steelers / 1st / 20th pick / 2022,2024,1,phi
83.0,John Ross,29.0,WR,,,194,5-11,Washington,11/27/1995,7,,Cincinnati Bengals / 1st / 9th pick / 2017,2024,1,phi
39.0,Will Shipley,22.0,RB,,,206,,Clemson,8/29/2002,Rook,,Philadelphia Eagles / 4th / 127th pick / 2024,2024,1,phi
82.0,Ainias Smith,23.0,WR,,,200,,Texas A&M,5/31/2001,Rook,,Philadelphia Eagles / 5th / 152nd pick / 2024,2024,1,phi
6.0,DeVonta Smith,26.0,WR,,,170,6-0,Alabama,11/14/1998,3,,Philadelphia Eagles / 1st / 10th pick / 2021,2024,1,phi
87.0,C.J. Uzomah,31.0,TE,,,271,6-5,Auburn,1/14/1993,9,,Cincinnati Bengals / 5th / 157th pick / 2015,2024,1,phi
41.0,Austin Watkins,26.0,WR,,,210,6-3,"Dodge City (KS),Ala-Birmingham",2/16/1998,Rook,,,2024,1,phi
89.0,Johnny Wilson,23.0,WR,,,231,,"Arizona St.,Florida St.",4/3/2001,Rook,,Philadelphia Eagles / 6th / 185th pick / 2024,2024,1,phi
4.0,Kyle Allen,28.0,QB,,,210,6-3,"Texas A&M,Houston",3/8/1996,6,,,2024,1,pit
19.0,Calvin Austin,25.0,WR,,,162,5-9,Memphis,3/24/1999,1,,Pittsburgh Steelers / 4th / 138th pick / 2022,2024,1,pit
17.0,Marquez Callaway,26.0,WR,,,204,6-2,Tennessee,3/27/1998,4,,,2024,1,pit
45.0,Jack Colletto,26.0,RB,,,237,6-3,Oregon State,11/19/1998,Rook,,,2024,1,pit
,Aeneas Dennis,,QB,,,200,6-1,Benedict,,Rook,,,2024,1,pit
31.0,Daijun Edwards,23.0,RB,,,201,,Georgia,4/11/2001,Rook,,,2024,1,pit
2.0,Justin Fields,25.0,QB,,,228,6-3,"Georgia,Ohio St.",3/5/1999,3,,Chicago Bears / 1st / 11th pick / 2021,2024,1,pit
82.0,Dez Fitzpatrick,27.0,WR,,,208,6-2,Louisville,12/17/1997,3,,Tennessee Titans / 4th / 109th pick / 2021,2024,1,pit
88.0,Pat Freiermuth,26.0,TE,,,258,6-5,Penn St.,10/25/1998,3,,Pittsburgh Steelers / 2nd / 55th pick / 2021,2024,1,pit
22.0,Najee Harris,26.0,RB,,,242,6-1,Alabama,3/9/1998,3,,Pittsburgh Steelers / 1st / 24th pick / 2021,2024,1,pit
83.0,Connor Heyward,25.0,TE,,,230,6-0,Michigan St.,1/22/1999,2,,Pittsburgh Steelers / 6th / 208th pick / 2022,2024,1,pit
48.0,Godwin Igwebuike,30.0,RB,,,213,6-0,Northwestern,9/10/1994,6,,,2024,1,pit
11.0,Van Jefferson,28.0,WR,,,200,6-1,"Mississippi,Florida",7/26/1996,4,,Los Angeles Rams / 2nd / 57th pick / 2020,2024,1,pit
21.0,Jaray Jenkins,24.0,WR,,,206,6-2,LSU,1/4/2000,Rook,,,2024,1,pit
13.0,Scott Miller,27.0,WR,,,174,5-9,Bowling Green,7/31/1997,5,,Tampa Bay Buccaneers / 6th / 208th pick / 2019,2024,1,pit
15.0,Denzel Mims,27.0,WR,,,207,6-3,Baylor,10/10/1997,4,,New York Jets / 2nd / 59th pick / 2020,2024,1,pit
84.0,Cordarrelle Patterson,33.0,WR,,,220,6-2,Tennessee,3/17/1991,11,,Minnesota Vikings / 1st / 29th pick / 2013,2024,1,pit
38.0,La\'Mical Perine,26.0,RB,,,216,5-11,Florida,1/30/1998,4,,New York Jets / 4th / 120th pick / 2020,2024,1,pit
14.0,George Pickens,23.0,WR,,,200,6-3,Georgia,3/4/2001,2,,Pittsburgh Steelers / 2nd / 52nd pick / 2022,2024,1,pit
81.0,MyCole Pruitt,32.0,TE,,,245,6-2,Southern Illinois,3/24/1992,9,,Minnesota Vikings / 5th / 143rd pick / 2015,2024,1,pit
18.0,John Rhys Plumlee,23.0,QB,,,200,6-0,UCF,1/2/2001,Rook,,,2024,1,pit
33.0,Aaron Shampklin,25.0,RB,,,194,5-9,Harvard,10/18/1999,Rook,,,2024,1,pit
,Xavier Wade,,WR,,,192,6-1,Ferris State,,Rook,,,2024,1,pit
48.0,Jonathan Ward,27.0,RB,,,202,6-0,Central Michigan,9/30/1997,4,,,2024,1,pit
30.0,Jaylen Warren,26.0,RB,,,215,,"Snow College (UT),Utah St.,Oklahoma St.",11/1/1998,2,,,2024,1,pit
80.0,Darnell Washington,23.0,TE,,,264,,Georgia,8/17/2001,1,,Pittsburgh Steelers / 3rd / 93rd pick / 2023,2024,1,pit
16.0,Quez Watkins,26.0,WR,,,193,6-0,Southern Miss,6/9/1998,4,,Philadelphia Eagles / 6th / 200th pick / 2020,2024,1,pit
85.0,Duece Watts,26.0,WR,,,196,6-1,Tulane,12/23/1998,Rook,,,2024,1,pit
87.0,Rodney Williams,26.0,TE,,,235,6-4,UT Martin,4/8/1998,1,,,2024,1,pit
10.0,Roman Wilson,23.0,WR,,,185,,Michigan,6/19/2001,Rook,,Pittsburgh Steelers / 3rd / 84th pick / 2024,2024,1,pit
3.0,Russell Wilson,36.0,QB,,,215,5-11,"Wisconsin,North Carolina St.",11/29/1988,12,,Seattle Seahawks / 3rd / 75th pick / 2012,2024,1,pit
11.0,Brandon Aiyuk,26.0,WR,,,200,6-0,Arizona St.,3/17/1998,4,,San Francisco 49ers / 1st / 25th pick / 2020,2024,1,sfo
17.0,Brandon Allen,32.0,QB,,,209,6-2,Arkansas,9/5/1992,5,,Jacksonville Jaguars / 6th / 201st pick / 2016,2024,1,sfo
10.0,Ronnie Bell,24.0,WR,,,190,,Michigan,1/28/2000,1,,San Francisco 49ers / 7th / 253rd pick / 2023,2024,1,sfo
18.0,Chris Conley,32.0,WR,,,205,6-3,Georgia,10/25/1992,9,,Kansas City Chiefs / 3rd / 76th pick / 2015,2024,1,sfo
83.0,Jacob Cowing,23.0,WR,,,168,,"Texas-El Paso,Arizona",2/4/2001,Rook,,San Francisco 49ers / 4th / 135th pick / 2024,2024,1,sfo
5.0,Joshua Dobbs,29.0,QB,,,216,6-3,Tennessee,1/26/1995,6,,Pittsburgh Steelers / 4th / 135th pick / 2017,2024,1,sfo
6.0,Danny Gray,25.0,WR,,,200,6-0,"Blinn College (TX),SMU",4/1/1999,2,,San Francisco 49ers / 3rd / 105th pick / 2022,2024,1,sfo
49.0,Isaac Guerendo,24.0,RB,,,221,,"Wisconsin,Louisville",6/28/2000,Rook,,San Francisco 49ers / 4th / 129th pick / 2024,2024,1,sfo
15.0,Jauan Jennings,27.0,WR,,,212,6-3,Tennessee,7/10/1997,3,,San Francisco 49ers / 7th / 217th pick / 2020,2024,1,sfo
44.0,Kyle Juszczyk,33.0,RB,,,235,6-2,Harvard,4/23/1991,11,,Baltimore Ravens / 4th / 130th pick / 2013,2024,1,sfo
85.0,George Kittle,31.0,TE,,,250,6-4,Iowa,10/9/1993,7,,San Francisco 49ers / 5th / 146th pick / 2017,2024,1,sfo
81.0,Cameron Latu,24.0,TE,,,244,,Alabama,2/24/2000,Rook,,San Francisco 49ers / 3rd / 101st pick / 2023,2024,1,sfo
86.0,Tay Martin,27.0,WR,,,185,6-3,"Washington St.,Oklahoma St.",12/14/1997,2,,,2024,1,sfo
24.0,Jordan Mason,25.0,RB,,,223,5-11,Georgia Tech,5/24/1999,2,,,2024,1,sfo
23.0,Christian McCaffrey,28.0,RB,,,205,5-11,Stanford,6/7/1996,7,,Carolina Panthers / 1st / 8th pick / 2017,2024,1,sfo
25.0,Elijah Mitchell,26.0,RB,,,200,5-10,Louisiana,5/2/1998,3,,San Francisco 49ers / 6th / 194th pick / 2021,2024,1,sfo
4.0,Tanner Mordecai,25.0,QB,,,218,,"Oklahoma,SMU,Wisconsin",11/8/1999,Rook,,,2024,1,sfo
84.0,Terique Owens,25.0,WR,,,193,6-3,Missouri State,9/25/1999,Rook,,,2024,1,sfo
89.0,Mason Pline,24.0,TE,,,254,6-6,Furman,2/5/2000,Rook,,,2024,1,sfo
13.0,Brock Purdy,25.0,QB,,,220,6-1,Iowa St.,12/27/1999,2,,San Francisco 49ers / 7th / 262nd pick / 2022,2024,1,sfo
1.0,Deebo Samuel,28.0,WR,,,215,6-0,South Carolina,1/15/1996,5,,San Francisco 49ers / 2nd / 36th pick / 2019,2024,1,sfo
82.0,Eric Saubert,30.0,TE,,,253,6-5,Drake,5/1/1994,7,,Atlanta Falcons / 5th / 174th pick / 2017,2024,1,sfo
38.0,Cody Schrader,25.0,RB,,,202,,"Truman St.,Missouri",9/8/1999,Rook,,,2024,1,sfo
32.0,Patrick Taylor,26.0,RB,,,217,6-2,Memphis,4/29/1998,3,,,2024,1,sfo
19.0,Trent Taylor,30.0,WR,,,178,5-8,Louisiana Tech,4/30/1994,7,,San Francisco 49ers / 5th / 177th pick / 2017,2024,1,sfo
48.0,Logan Thomas,33.0,QB,,,250,6-6,Virginia Tech,7/1/1991,10,,Arizona Cardinals / 4th / 120th pick / 2014,2024,1,sfo
88.0,Jake Tonges,25.0,TE,,,240,6-4,California,7/8/1999,2,,,2024,1,sfo
9.0,Brayden Willis,25.0,TE,,,240,,Oklahoma,11/11/1999,1,,San Francisco 49ers / 7th / 247th pick / 2023,2024,1,sfo
88.0,AJ Barner,22.0,TE,,,251,,"Indiana,Michigan",5/3/2002,Rook,,Seattle Seahawks / 4th / 121st pick / 2024,2024,1,sea
19.0,Jake Bobo,26.0,WR,,,207,,"Duke,UCLA",8/4/1998,1,,,2024,1,sea
86.0,Pharaoh Brown,30.0,TE,,,246,6-5,Oregon,5/4/1994,7,,,2024,1,sea
26.0,Zach Charbonnet,23.0,RB,,,214,,"Michigan,UCLA",1/8/2001,1,,Seattle Seahawks / 2nd / 52nd pick / 2023,2024,1,sea
1.0,D\'Wayne Eskridge,27.0,WR,,,190,5-9,Western Michigan,3/23/1997,3,,Seattle Seahawks / 2nd / 56th pick / 2021,2024,1,sea
87.0,Noah Fant,27.0,TE,,,249,6-4,Iowa,11/20/1997,5,,Denver Broncos / 1st / 20th pick / 2019,2024,1,sea
84.0,Hayden Hatten,,WR,,,205,,Idaho,,Rook,,,2024,1,sea
36.0,George Holani,,RB,,,210,5-11,Boise State,,Rook,,,2024,1,sea
6.0,Sam Howell,24.0,QB,,,220,6-1,North Carolina,9/16/2000,2,,Washington Commanders / 5th / 144th pick / 2022,2024,1,sea
,Dakereon Joyner,24.0,WR,,,229,6-1,South Carolina,5/24/2000,Rook,,,2024,1,sea
,Alex Larson,,TE,,,240,6-7,St. John\x80\x99s,,Rook,,,2024,1,sea
44.0,Kobe Lewis,,RB,,,208,5-9,Florida Atlantic,,Rook,,,2024,1,sea
16.0,Tyler Lockett,32.0,WR,,,182,5-10,Kansas St.,9/28/1992,9,,Seattle Seahawks / 3rd / 69th pick / 2015,2024,1,sea
85.0,Tyler Mabry,28.0,TE,,,247,6-3,"Buffalo,Maryland",11/21/1996,3,,,2024,1,sea
25.0,Kenny McIntosh,24.0,RB,,,210,,Georgia,3/3/2000,1,,Seattle Seahawks / 7th / 237th pick / 2023,2024,1,sea
14.0,D.K. Metcalf,27.0,WR,,,235,6-4,Mississippi,12/14/1997,5,,Seattle Seahawks / 2nd / 64th pick / 2019,2024,1,sea
38.0,Brady Russell,26.0,TE,,,247,6-3,Colorado,8/31/1998,1,,,2024,1,sea
81.0,Laviska Shenault Jr.,26.0,WR,,,220,6-1,Colorado,10/5/1998,4,,Jacksonville Jaguars / 2nd / 42nd pick / 2020,2024,1,sea
7.0,Geno Smith,34.0,QB,,,221,6-3,West Virginia,10/10/1990,11,,New York Jets / 2nd / 39th pick / 2013,2024,1,sea
11.0,Jaxon Smith-Njigba,22.0,WR,,,197,,Ohio St.,2/14/2002,1,,Seattle Seahawks / 1st / 20th pick / 2023,2024,1,sea
9.0,Kenneth Walker III,24.0,RB,,,211,5-9,"Wake Forest,Michigan St.",10/20/2000,2,,Seattle Seahawks / 2nd / 41st pick / 2022,2024,1,sea
15.0,P.J. Walker,29.0,QB,,,215,5-11,Temple,2/26/1995,4,,,2024,1,sea
89.0,Jack Westover,25.0,TE,,,243,,Washington,6/9/1999,Rook,,,2024,1,sea
82.0,Cody White,26.0,WR,,,210,6-3,Michigan St.,11/28/1998,3,,,2024,1,sea
33.0,Dee Williams,,WR,,,190,5-10,Tennessee,,Rook,,,2024,1,sea
31.0,TaMerik Williams,,RB,,,227,6-0,North Dakota State,,Rook,,,2024,1,sea
13.0,Easop Winston,28.0,WR,,,190,6-0,Washington St.,12/17/1996,3,,,2024,1,sea
83.0,Dareke Young,25.0,WR,,,224,6-2,Lenoir-Rhyne,6/4/1999,2,,Seattle Seahawks / 7th / 233rd pick / 2022,2024,1,sea
19.0,Zack Annexstad,24.0,QB,,,220,6-3,Illinois State,4/16/2000,Rook,,,2024,1,tam
,Caleb Chapman,,WR,,,220,6-5,Incarnate Word,,Rook,,,2024,1,tam
82.0,Devin Culp,24.0,TE,,,231,,Washington,2/2/2000,Rook,,Tampa Bay Buccaneers / 7th / 246th pick / 2024,2024,1,tam
87.0,Payne Durham,24.0,TE,,,253,6-6,Purdue,6/15/2000,1,,Tampa Bay Buccaneers / 5th / 171st pick / 2023,2024,1,tam
22.0,Chase Edmonds,28.0,RB,,,205,5-9,Fordham,4/13/1996,6,,Arizona Cardinals / 4th / 134th pick / 2018,2024,1,tam
13.0,Mike Evans,31.0,WR,,,231,6-5,Texas A&M,8/21/1993,10,,Tampa Bay Buccaneers / 1st / 7th pick / 2014,2024,1,tam
14.0,Chris Godwin,28.0,WR,,,209,6-1,Penn St.,2/27/1996,7,,Tampa Bay Buccaneers / 3rd / 84th pick / 2017,2024,1,tam
,Anthony Grant,25.0,RB,,,205,5-11,Nebraska,2/27/1999,Rook,,,2024,1,tam
,Michael Hiers,,QB,,,215,6-1,Samford,,Rook,,,2024,1,tam
7.0,Bucky Irving,22.0,RB,,,192,,"Minnesota,Oregon",8/19/2002,Rook,,Tampa Bay Buccaneers / 4th / 125th pick / 2024,2024,1,tam
18.0,Rakim Jarrett,23.0,WR,,,190,,Maryland,1/24/2001,1,,,2024,1,tam
45.0,Ramon Jefferson,24.0,RB,,,215,5-10,Kentucky,1/10/2000,Rook,,,2024,1,tam
28.0,Cephus Johnson III,25.0,WR,,,220,6-5,"South Alabama,Southeastern Louisiana",9/21/1999,Rook,,,2024,1,tam
9.0,Kameron Johnson,22.0,WR,,,170,5-10,Barton,3/17/2002,Rook,,,2024,1,tam
85.0,Latreal Jones,25.0,WR,,,195,6-1,Southern Miss,1/13/1999,Rook,,,2024,1,tam
,Hunter Kampmoyer,26.0,TE,,,243,6-4,Oregon,2/6/1998,3,,,2024,1,tam
41.0,Ko Kieft,26.0,TE,,,265,6-5,Minnesota,1/20/1998,2,,Tampa Bay Buccaneers / 6th / 218th pick / 2022,2024,1,tam
80.0,Tanner Knue,25.0,WR,,,178,5-11,Eastern Michigan,11/26/1999,Rook,,,2024,1,tam
6.0,Baker Mayfield,29.0,QB,,,215,6-1,Oklahoma,4/14/1995,6,,Cleveland Browns / 1st / 1st pick / 2018,2024,1,tam
15.0,Jalen McMillan,23.0,WR,,,197,,Washington,12/7/2001,Rook,,Tampa Bay Buccaneers / 3rd / 92nd pick / 2024,2024,1,tam
81.0,Ryan Miller,24.0,WR,,,209,6-1,Furman,2/20/2000,1,,,2024,1,tam
,Jeremy Moussa,,QB,,,225,6-3,Florida A&M,,Rook,,,2024,1,tam
88.0,Cade Otton,25.0,TE,,,247,6-5,Washington,4/15/1999,2,,Tampa Bay Buccaneers / 4th / 106th pick / 2022,2024,1,tam
10.0,Trey Palmer,23.0,WR,,,192,6-0,"LSU,Nebraska",4/2/2001,1,,Tampa Bay Buccaneers / 6th / 191st pick / 2023,2024,1,tam
25.0,Sterling Shepard,31.0,WR,,,198,5-10,Oklahoma,2/10/1993,8,,New York Giants / 2nd / 40th pick / 2016,2024,1,tam
84.0,Tanner Taula,26.0,TE,,,251,6-6,Illinois State,12/6/1998,Rook,,,2024,1,tam
83.0,Cody Thompson,28.0,WR,,,205,6-2,Toledo,1/11/1996,3,,,2024,1,tam
2.0,Kyle Trask,26.0,QB,,,236,6-5,Florida,3/6/1998,2,,Tampa Bay Buccaneers / 2nd / 64th pick / 2021,2024,1,tam
44.0,Sean Tucker,23.0,RB,,,210,,Syracuse,10/25/2001,1,,,2024,1,tam
17.0,Raleigh Webb,27.0,WR,,,212,6-2,The Citadel,12/28/1997,2,,,2024,1,tam
89.0,David Wells,29.0,TE,,,260,6-6,San Diego St.,5/2/1995,3,,,2024,1,tam
1.0,Rachaad White,25.0,RB,,,214,6-0,"Nebraska-Kearney,Mount San Antonio JC,Arizona St.",1/22/1999,2,,Tampa Bay Buccaneers / 3rd / 91st pick / 2022,2024,1,tam
30.0,D.J. Williams,24.0,RB,,,225,6-0,Arizona,11/15/2000,Rook,,,2024,1,tam
11.0,John Wolford,29.0,QB,,,200,6-1,Wake Forest,10/16/1995,4,,,2024,1,tam
87.0,Devin Asiasi,27.0,TE,,,260,6-3,"Michigan,UCLA",8/14/1997,4,,New England Patriots / 3rd / 91st pick / 2020,2024,1,oti
83.0,Tyler Boyd,30.0,WR,,,203,6-2,Pittsburgh,11/15/1994,8,,Cincinnati Bengals / 2nd / 55th pick / 2016,2024,1,oti
16.0,Treylon Burks,24.0,WR,,,225,6-2,Arkansas,3/23/2000,2,,Tennessee Titans / 1st / 18th pick / 2022,2024,1,oti
36.0,Julius Chestnut,24.0,RB,,,228,5-11,Sacred Heart,10/26/2000,2,,,2024,1,oti
80.0,Easton Dean,,TE,,,265,6-6,Iowa State,,Rook,,,2024,1,oti
14.0,Colton Dowell,25.0,WR,,,212,6-3,UT Martin,4/19/1999,1,,Tennessee Titans / 7th / 228th pick / 2023,2024,1,oti
82.0,Tre\'Shaun Harrison,24.0,WR,,,188,5-11,Oregon State,6/26/2000,Rook,,,2024,1,oti
25.0,Hassan Haskins,25.0,RB,,,228,6-2,Michigan,11/26/1999,2,,Tennessee Titans / 4th / 131st pick / 2022,2024,1,oti
10.0,DeAndre Hopkins,32.0,WR,,,218,6-1,Clemson,6/6/1992,11,,Houston Texans / 1st / 27th pick / 2013,2024,1,oti
19.0,Jha\'Quan Jackson,24.0,WR,,,185,,Tulane,5/15/2000,Rook,,Tennessee Titans / 6th / 182nd pick / 2024,2024,1,oti
5.0,Kearis Jackson,25.0,WR,,,196,5-11,Georgia,12/9/1999,1,,,2024,1,oti
35.0,Dillon Johnson,23.0,RB,,,217,,"Mississippi St.,Washington",6/15/2001,Rook,,,2024,1,oti
12.0,Mason Kinsey,26.0,WR,,,203,5-10,Berry,8/29/1998,3,,,2024,1,oti
8.0,Will Levis,25.0,QB,,,229,6-4,"Penn St.,Kentucky",6/27/1999,1,,Tennessee Titans / 2nd / 33rd pick / 2023,2024,1,oti
88.0,David Martin-Robinson,25.0,TE,,,247,6-3,Temple,12/26/1999,Rook,,,2024,1,oti
89.0,Thomas Odukoya,27.0,TE,,,253,6-6,Eastern Michigan,5/5/1997,Rook,,,2024,1,oti
85.0,Chigoziem Okonkwo,25.0,TE,,,238,6-3,Maryland,9/8/1999,2,,Tennessee Titans / 4th / 143rd pick / 2022,2024,1,oti
80.0,Bryce Oliver,24.0,WR,,,214,6-1,Youngstown State,5/19/2000,Rook,,,2024,1,oti
18.0,Kyle Philips,25.0,WR,,,190,5-11,UCLA,6/17/1999,2,,Tennessee Titans / 5th / 163rd pick / 2022,2024,1,oti
20.0,Tony Pollard,27.0,RB,,,209,6-0,Memphis,4/30/1997,5,,Dallas Cowboys / 4th / 128th pick / 2019,2024,1,oti
,Treveyon Pratt,24.0,WR,,,195,6-2,Morgan State,5/26/2000,Rook,,,2024,1,oti
86.0,Kevin Rader,29.0,TE,,,250,6-4,Youngstown St.,4/26/1995,4,,,2024,1,oti
,Calvin Ridley,30.0,WR,,,190,6-1,Alabama,12/20/1994,6,,Atlanta Falcons / 1st / 26th pick / 2018,2024,1,oti
11.0,Mason Rudolph,29.0,QB,,,235,6-5,Oklahoma St.,7/17/1995,5,,Pittsburgh Steelers / 3rd / 76th pick / 2018,2024,1,oti
87.0,Sam Schnee,24.0,WR,,,191,5-10,Northern Iowa,4/1/2000,Rook,,,2024,1,oti
31.0,Jabari Small,22.0,RB,,,213,,Tennessee,1/31/2002,Rook,,,2024,1,oti
2.0,Tyjae Spears,23.0,RB,,,200,5-10,Tulane,6/15/2001,1,,Tennessee Titans / 3rd / 81st pick / 2023,2024,1,oti
86.0,Steven Stilianos,24.0,TE,,,251,6-5,Iowa,2/25/2000,Rook,,,2024,1,oti
,Jordan Terrell,,RB,,,210,5-10,Barton,,Rook,,,2024,1,oti
84.0,Nick Vannett,31.0,TE,,,257,6-5,Ohio St.,3/6/1993,8,,Seattle Seahawks / 3rd / 94th pick / 2016,2024,1,oti
15.0,Nick Westbrook-Ikhine,27.0,WR,,,211,6-2,Indiana,3/21/1997,4,,,2024,1,oti
81.0,Josh Whyle,25.0,TE,,,248,6-6,Cincinnati,9/8/1999,1,,Tennessee Titans / 5th / 147th pick / 2023,2024,1,oti
7.0,Malik Willis,25.0,QB,,,219,6-1,"Auburn,Liberty",5/25/1999,2,,Tennessee Titans / 3rd / 86th pick / 2022,2024,1,oti
10.0,Kazmeir Allen,24.0,WR,,,176,5-8,UCLA,2/29/2000,Rook,,,2024,1,was
87.0,John Bates,27.0,TE,,,259,6-6,Boise St.,11/6/1997,3,,Washington Football Team / 4th / 124th pick / 2021,2024,1,was
2.0,Dyami Brown,25.0,WR,,,195,6-0,North Carolina,11/1/1999,3,,Washington Football Team / 3rd / 82nd pick / 2021,2024,1,was
13.0,Damiere Byrd,31.0,WR,,,175,5-9,South Carolina,1/27/1993,8,,,2024,1,was
80.0,Jamison Crowder,31.0,WR,,,177,5-9,Duke,6/17/1993,9,,Washington Redskins / 4th / 105th pick / 2015,2024,1,was
5.0,Jayden Daniels,24.0,QB,,,210,,"Arizona St.,LSU",12/18/2000,Rook,,Washington Commanders / 1st / 2nd pick / 2024,2024,1,was
84.0,Davion Davis,28.0,WR,,,195,5-11,Sam Houston St.,10/23/1996,5,,,2024,1,was
1.0,Jahan Dotson,24.0,WR,,,182,5-11,Penn St.,3/22/2000,2,,Washington Commanders / 1st / 16th pick / 2022,2024,1,was
16.0,Jeff Driskel,31.0,QB,,,235,6-4,"Florida,Louisiana Tech",4/23/1993,6,,San Francisco 49ers / 6th / 207th pick / 2016,2024,1,was
30.0,Austin Ekeler,29.0,RB,,,200,5-10,Western St. (CO),5/17/1995,7,,,2024,1,was
86.0,Zach Ertz,34.0,TE,,,250,6-5,Stanford,11/10/1990,11,,Philadelphia Eagles / 2nd / 35th pick / 2013,2024,1,was
38.0,Derrick Gore,30.0,RB,,,212,5-10,"Alabama,La-Monroe",12/13/1994,3,,,2024,1,was
11.0,Sam Hartman,25.0,QB,,,212,,"Wake Forest,Notre Dame",7/29/1999,Rook,,,2024,1,was
46.0,Austin Jones,23.0,RB,,,200,5-10,USC,2/7/2001,Rook,,,2024,1,was
,Marcus Mariota,31.0,QB,,,222,6-4,Oregon,10/30/1993,9,,Tennessee Titans / 1st / 2nd pick / 2015,2024,1,was
12.0,Luke McCaffrey,23.0,WR,,,198,,"Nebraska,Rice",4/2/2001,Rook,,Washington Commanders / 3rd / 100th pick / 2024,2024,1,was
17.0,Terry McLaurin,29.0,WR,,,210,6-0,Ohio St.,9/15/1995,5,,Washington Redskins / 3rd / 76th pick / 2019,2024,1,was
31.0,Jeremy McNichols,29.0,RB,,,205,5-9,Boise St.,12/26/1995,7,,Tampa Bay Buccaneers / 5th / 162nd pick / 2017,2024,1,was
15.0,Dax Milne,25.0,WR,,,190,6-1,BYU,6/23/1999,3,,Washington Football Team / 7th / 258th pick / 2021,2024,1,was
8.0,Brian Robinson Jr.,25.0,RB,,,228,6-1,Alabama,3/22/1999,2,,Washington Commanders / 3rd / 98th pick / 2022,2024,1,was
23.0,Chris Rodriguez,24.0,RB,,,224,,Kentucky,9/26/2000,1,,Washington Commanders / 6th / 193rd pick / 2023,2024,1,was
88.0,Armani Rogers,27.0,TE,,,225,6-5,"UNLV,Ohio",12/4/1997,2,,,2024,1,was
83.0,Marcus Rosemy-Jacksaint,22.0,WR,,,195,,Georgia,1/8/2002,Rook,,,2024,1,was
82.0,Ben Sinnott,22.0,TE,,,250,,Kansas St.,6/14/2002,Rook,,Washington Commanders / 2nd / 53rd pick / 2024,2024,1,was
18.0,Mitchell Tinsley,25.0,WR,,,205,,"Hutchinson (KS),Western Kentucky,Penn St.",9/15/1999,1,,,2024,1,was
89.0,Brycen Tremayne,25.0,WR,,,212,6-4,Stanford,11/18/1999,Rook,,,2024,1,was
85.0,Cole Turner,24.0,TE,,,240,6-6,Nevada,3/16/2000,2,,Washington Commanders / 5th / 149th pick / 2022,2024,1,was
6.0,Michael Wiley,24.0,RB,,,210,,Arizona,11/10/2000,Rook,,,2024,1,was
41.0,Colson Yankoff,24.0,TE,,,225,6-4,UCLA,3/1/2000,Rook,,,2024,1,was
14.0,Olamide Zaccheaus,27.0,WR,,,193,5-8,Virginia,7/23/1997,5,,,2024,1,was
